head,lemma,dep,pos,sim,relation,relation_name,w
sel,farine,amod,NOUN,0.7164311408996582,"[{""id"": 52000, ""node1"": 0, ""node2"": 0, ""type"": 0, ""w"": 0.0}]",r_associated,0.0
sel,oeuf,nmod,NOUN,0.6938258409500122,"[{""id"": 52001, ""node1"": 0, ""node2"": 0, ""type"": 75, ""w"": 0.0}]",r_accomp,0.0
anis,manioc,nmod,NOUN,0.5533509254455566,[],,
balance,cuisine,nmod,NOUN,0.5991910099983215,"[{""id"": 52003, ""node1"": 0, ""node2"": 0, ""type"": 15, ""w"": 0.0}]",r_lieu,0.0
balance,étape,nmod,NOUN,0.4149083495140075,[],,
bouillir,minute,obj,NOUN,0.5767919421195984,"[{""id"": 52005, ""node1"": 0, ""node2"": 0, ""type"": 10, ""w"": 0.0}]",r_holo,0.0
mélanger,purée,obj,NOUN,0.6816195845603943,"[{""id"": 52006, ""node1"": 0, ""node2"": 0, ""type"": 16, ""w"": 0.0}]",r_instr,0.0
huile,chaud,amod,ADJ,0.6474975347518921,"[{""id"": 669874570, ""node1"": 141971, ""node2"": 19150, ""type"": 0, ""w"": 21.0}, {""id"": 24929996, ""node1"": 141971, ""node2"": 19150, ""type"": 17, ""w"": 76.0}]",r_carac,76.0
sirop,anis,nmod,PROPN,0.5707801580429077,"[{""id"": 396980, ""node1"": 91109, ""node2"": 123896, ""type"": 0, ""w"": 52.0}]",r_associated,52.0
