head,lemma,dep,pos,sim,relation,relation_name,w
Cookies,ingrédient,nmod,NOUN,0.4049802422523498,[],,
Cookies,levure,nmod,NOUN,0.4779705107212066,[],,
levure,farine,amod,NOUN,0.6151298880577087,"[{""id"": 1788186, ""node1"": 53450, ""node2"": 127629, ""type"": 0, ""w"": 60.0}, {""id"": 1046576042, ""node1"": 53450, ""node2"": 127629, ""type"": 8, ""w"": 20.0}]",r_associated,60.0
farine,beurre,acl,NOUN,0.7180377840995789,"[{""id"": 423997331, ""node1"": 127629, ""node2"": 140377, ""type"": 0, ""w"": 3.0}]",r_associated,3.0
beurre,sel,nmod,NOUN,0.7119027376174927,"[{""id"": 9986816, ""node1"": 140377, ""node2"": 13260, ""type"": 0, ""w"": 43.0}, {""id"": 649508, ""node1"": 140377, ""node2"": 13260, ""type"": 9, ""w"": 56.0}, {""id"": 3979381, ""node1"": 140377, ""node2"": 13260, ""type"": 777, ""w"": 10.0}]",r_has_part,56.0
sel,noix,nmod,NOUN,0.720936119556427,"[{""id"": 52005, ""node1"": 0, ""node2"": 0, ""type"": 0, ""w"": 0.0}]",r_associated,0.0
noix,cassonade,nmod,NOUN,0.6071992516517639,"[{""id"": 52006, ""node1"": 0, ""node2"": 0, ""type"": 8, ""w"": 0.0}]",r_hypo,0.0
levure,Mini,nmod,PROPN,0.4453248381614685,[],,
levure,jaune,nmod,NOUN,0.6000391244888306,"[{""id"": 52008, ""node1"": 0, ""node2"": 0, ""type"": 17, ""w"": 0.0}]",r_carac,0.0
jaune,oeuf,nmod,NOUN,0.5280547142028809,"[{""id"": 104631, ""node1"": 86711, ""node2"": 116175, ""type"": 0, ""w"": 598.0}, {""id"": 31299418, ""node1"": 86711, ""node2"": 116175, ""type"": 3, ""w"": 29.0}, {""id"": 2350883, ""node1"": 86711, ""node2"": 116175, ""type"": 10, ""w"": 109.0}, {""id"": 131637, ""node1"": 86711, ""node2"": 116175, ""type"": 15, ""w"": 118.0}, {""id"": 120267, ""node1"": 86711, ""node2"": 116175, ""type"": 23, ""w"": 300.0}, {""id"": 2254559, ""node1"": 86711, ""node2"": 116175, ""type"": 54, ""w"": 58.0}]",r_associated,598.0
Cookies,grille,nmod,NOUN,0.4099570512771606,[],,
grille,pâtisserie,nmod,NOUN,0.5746439099311829,"[{""id"": 52011, ""node1"": 0, ""node2"": 0, ""type"": 0, ""w"": 0.0}]",r_associated,0.0
pâtisserie,saladier,nmod,NOUN,0.647153377532959,"[{""id"": 52012, ""node1"": 0, ""node2"": 0, ""type"": 0, ""w"": 0.0}]",r_associated,0.0
grille,papier,nmod,NOUN,0.5301173329353333,[],,
four,balance,nmod,NOUN,0.6809696555137634,"[{""id"": 52014, ""node1"": 0, ""node2"": 0, ""type"": 15, ""w"": 0.0}]",r_lieu,0.0
balance,cuisine,nmod,NOUN,0.5991910099983215,"[{""id"": 52015, ""node1"": 0, ""node2"": 0, ""type"": 15, ""w"": 0.0}]",r_lieu,0.0
table,induction,amod,NOUN,0.5181390047073364,[],,
Ajoutez,jaune,obj,NOUN,0.452788770198822,[],,
ajouter,farine,obj,NOUN,0.6640971302986145,"[{""id"": 373014569, ""node1"": 25099, ""node2"": 127629, ""type"": 14, ""w"": 31.0}]",r_patient,31.0
tas,petit,amod,ADJ,0.4517754316329956,[],,
faire,tas,obj,NOUN,0.4565950930118561,[],,
faire,plaque,nmod,NOUN,0.5670509338378906,"[{""id"": 52021, ""node1"": 0, ""node2"": 0, ""type"": 16, ""w"": 0.0}]",r_instr,0.0
plaque,recouvrir,acl,VERB,0.5361502170562744,[],,
papier,cuisson,nmod,NOUN,0.6981122493743896,"[{""id"": 52023, ""node1"": 0, ""node2"": 0, ""type"": 9, ""w"": 0.0}]",r_has_part,0.0
étaler,tas,obj,NOUN,0.4348428547382355,[],,
étale,pâte,nsubj,NOUN,0.5958141088485718,"[{""id"": 52025, ""node1"": 0, ""node2"": 0, ""type"": 10, ""w"": 0.0}]",r_holo,0.0
tas,étale,acl:relcl,ADJ,0.4260781407356262,[],,
hauteur,minute,nmod,NOUN,0.4112094938755035,[],,
