head,lemma,dep,pos,sim,relation,relation_name,w
mettre,titre,nsubj,NOUN,0.4057502150535583,[],,
titre,coq,nmod,NOUN,0.400881677865982,[],,
coq,vin,nmod,NOUN,0.5644594430923462,"[{""id"": 415002202, ""node1"": 117146, ""node2"": 35798, ""type"": 0, ""w"": 26.0}]",r_associated,26.0
vin,maison,nmod,NOUN,0.6344695687294006,"[{""id"": 799197404, ""node1"": 35798, ""node2"": 45179, ""type"": 0, ""w"": 21.0}, {""id"": 539980153, ""node1"": 35798, ""node2"": 45179, ""type"": 15, ""w"": -25.0}]",r_associated,21.0
titre,ingrédient,nmod,NOUN,0.4716755747795105,[],,
titre,sel,nmod,NOUN,0.6557343602180481,"[{""id"": 52005, ""node1"": 0, ""node2"": 0, ""type"": 10, ""w"": 0.0}]",r_holo,0.0
sel,poivre,amod,NOUN,0.6705341935157776,"[{""id"": 125169, ""node1"": 13260, ""node2"": 139597, ""type"": 0, ""w"": 495.0}, {""id"": 1029365119, ""node1"": 13260, ""node2"": 139597, ""type"": 67, ""w"": 28.0}, {""id"": 74985058, ""node1"": 13260, ""node2"": 139597, ""type"": 75, ""w"": 160.0}, {""id"": 1032956770, ""node1"": 13260, ""node2"": 139597, ""type"": 78, ""w"": 39.0}, {""id"": 652227840, ""node1"": 13260, ""node2"": 139597, ""type"": 666, ""w"": 2.0}]",r_associated,495.0
cognac,fond,obj,NOUN,0.5364571213722229,[],,
fond,veau,nmod,NOUN,0.573129415512085,"[{""id"": 98303715, ""node1"": 119272, ""node2"": 91311, ""type"": 0, ""w"": 27.0}, {""id"": 98303791, ""node1"": 119272, ""node2"": 91311, ""type"": 9, ""w"": 30.0}]",r_has_part,30.0
cognac,poivre,obj,NOUN,0.6328660845756531,[],,
poivre,vin,obj,NOUN,0.6713349223136902,"[{""id"": 52010, ""node1"": 0, ""node2"": 0, ""type"": 0, ""w"": 0.0}]",r_associated,0.0
poivre,rouge,amod,ADJ,0.6151092648506165,"[{""id"": 52011, ""node1"": 0, ""node2"": 0, ""type"": 17, ""w"": 0.0}]",r_carac,0.0
rouge,champignon,obj,NOUN,0.5219084024429321,[],,
titre,bouquet,nmod,NOUN,0.4125308692455292,[],,
bouquet,garni,amod,ADJ,0.4469667077064514,[],,
saladier,pinceau,appos,NOUN,0.5370374321937561,[],,
pinceau,casserole,nmod,NOUN,0.5712795853614807,"[{""id"": 52016, ""node1"": 0, ""node2"": 0, ""type"": 10, ""w"": 0.0}]",r_holo,0.0
frigo,balance,nmod,NOUN,0.5736064314842224,"[{""id"": 52017, ""node1"": 0, ""node2"": 0, ""type"": 10, ""w"": 0.0}]",r_holo,0.0
balance,cuisine,nmod,NOUN,0.5991910099983215,"[{""id"": 52018, ""node1"": 0, ""node2"": 0, ""type"": 15, ""w"": 0.0}]",r_lieu,0.0
balance,étape,nmod,NOUN,0.4149083495140075,[],,
bouquet,veille,nmod,NOUN,0.4813604354858398,[],,
mettre,coq,obj,PROPN,0.4356432259082794,[],,
saladier,grand,amod,ADJ,0.534858763217926,"[{""id"": 1077330492, ""node1"": 45455, ""node2"": 23178, ""type"": 0, ""w"": 50.0}, {""id"": 31838076, ""node1"": 45455, ""node2"": 23178, ""type"": 17, ""w"": 60.0}, {""id"": 1668931, ""node1"": 45455, ""node2"": 23178, ""type"": 666, ""w"": 2.0}]",r_carac,60.0
saladier,oignon,nmod,NOUN,0.649258553981781,"[{""id"": 52023, ""node1"": 0, ""node2"": 0, ""type"": 10, ""w"": 0.0}]",r_holo,0.0
poser,verser,advcl,VERB,0.4462298154830932,[],,
verser,vin,obj,NOUN,0.6363518238067627,"[{""id"": 383588, ""node1"": 104506, ""node2"": 35798, ""type"": 0, ""w"": 82.0}, {""id"": 167909, ""node1"": 104506, ""node2"": 35798, ""type"": 14, ""w"": 100.0}, {""id"": 376198924, ""node1"": 104506, ""node2"": 35798, ""type"": 16, ""w"": 32.0}, {""id"": 645787358, ""node1"": 104506, ""node2"": 35798, ""type"": 666, ""w"": 3.0}]",r_patient,100.0
poser,bouquet,obj,NOUN,0.473205417394638,[],,
ajouter,grain,obj,NOUN,0.5503000617027283,"[{""id"": 52027, ""node1"": 0, ""node2"": 0, ""type"": 16, ""w"": 0.0}]",r_instr,0.0
grain,poivre,nmod,NOUN,0.6204152703285217,"[{""id"": 775213400, ""node1"": 57895, ""node2"": 139597, ""type"": 174, ""w"": 25.0}]",r_quantificateur-1,25.0
nuit,réfrigérateur,nmod,NOUN,0.4151027500629425,[],,
journée,tout,amod,ADJ,0.4645245373249054,[],,
jour,égoutter,acl,VERB,0.4853727519512176,[],,
égoutter,morceau,obj,NOUN,0.5833901166915894,"[{""id"": 52032, ""node1"": 0, ""node2"": 0, ""type"": 16, ""w"": 0.0}]",r_instr,0.0
morceau,coq,nmod,PROPN,0.4503366351127624,[],,
papier,absorber,acl,VERB,0.4968288838863373,[],,
chauffer,faite,nsubj,NOUN,0.5475254058837891,[],,
chauffer,huile,obj,NOUN,0.64256751537323,"[{""id"": 52036, ""node1"": 0, ""node2"": 0, ""type"": 16, ""w"": 0.0}]",r_instr,0.0
jeter,morceau,obj,NOUN,0.5214329957962036,[],,
face,tout,amod,ADJ,0.4081993997097015,[],,
fois,doré,amod,ADJ,0.4967719614505768,[],,
mettre,légume,obj,NOUN,0.6695612072944641,"[{""id"": 52040, ""node1"": 0, ""node2"": 0, ""type"": 0, ""w"": 0.0}]",r_associated,0.0
légume,place,nmod,NOUN,0.6435596942901611,"[{""id"": 52041, ""node1"": 0, ""node2"": 0, ""type"": 15, ""w"": 0.0}]",r_lieu,0.0
revenir,doux,amod,ADJ,0.4705588817596435,[],,
revenir,minute,obj,NOUN,0.4577978253364563,[],,
tout,farine,nmod,NOUN,0.6873804926872253,[],,
remettre,morceau,obj,NOUN,0.5342933535575867,[],,
morceau,cocotte,nmod,NOUN,0.690019965171814,"[{""id"": 52046, ""node1"": 0, ""node2"": 0, ""type"": 9, ""w"": 0.0}]",r_has_part,0.0
ajouter,gousse,obj,NOUN,0.4987163245677948,[],,
gousse,ail,nmod,NOUN,0.5501744151115417,"[{""id"": 1841967, ""node1"": 3889, ""node2"": 26979, ""type"": 0, ""w"": 58.0}, {""id"": 665112731, ""node1"": 3889, ""node2"": 26979, ""type"": 174, ""w"": 40.0}, {""id"": 714921743, ""node1"": 3889, ""node2"": 26979, ""type"": 666, ""w"": 3.0}]",r_associated,58.0
gousse,écraser,amod,VERB,0.4930314123630523,[],,
chauffer,cognac,obj,NOUN,0.6060262322425842,[],,
mouiller,tout,obj,NOUN,0.5264824032783508,[],,
vin,marinade,nmod,NOUN,0.6753827929496765,"[{""id"": 796754939, ""node1"": 35798, ""node2"": 55044, ""type"": 0, ""w"": 23.0}, {""id"": 546329733, ""node1"": 35798, ""node2"": 55044, ""type"": 10, ""w"": 10.0}]",r_associated,23.0
ajouter,fond,obj,NOUN,0.4973157346248626,[],,
couvrir,feu,obj,NOUN,0.5588594079017639,"[{""id"": 52054, ""node1"": 0, ""node2"": 0, ""type"": 16, ""w"": 0.0}]",r_instr,0.0
mijoter,heure,nmod,NOUN,0.5799594521522522,"[{""id"": 52055, ""node1"": 0, ""node2"": 0, ""type"": 75, ""w"": 0.0}]",r_accomp,0.0
feu,doux,amod,ADJ,0.5496628284454346,[],,
minute,servir,advcl,VERB,0.5104015469551086,[],,
