head,lemma,dep,pos,sim,relation,relation_name,w
haricot,blanc,amod,ADJ,0.5464168787002563,"[{""id"": 2193506, ""node1"": 114886, ""node2"": 15196, ""type"": 0, ""w"": 93.0}, {""id"": 1774170, ""node1"": 114886, ""node2"": 15196, ""type"": 17, ""w"": 26.0}, {""id"": 3163695, ""node1"": 114886, ""node2"": 15196, ""type"": 106, ""w"": 14.0}, {""id"": 1802800, ""node1"": 114886, ""node2"": 15196, ""type"": 666, ""w"": 1.0}]",r_associated,93.0
titre,haricot,nmod,NOUN,0.4817427694797516,[],,
haricot,vert,amod,ADJ,0.499526172876358,"[{""id"": 369652, ""node1"": 114886, ""node2"": 26976, ""type"": 0, ""w"": 294.0}, {""id"": 1774168, ""node1"": 114886, ""node2"": 26976, ""type"": 17, ""w"": 26.0}, {""id"": 3163694, ""node1"": 114886, ""node2"": 26976, ""type"": 106, ""w"": 18.0}, {""id"": 1764962, ""node1"": 114886, ""node2"": 26976, ""type"": 666, ""w"": 3.0}]",r_associated,294.0
pâte,petit,amod,ADJ,0.6785956621170044,"[{""id"": 52003, ""node1"": 0, ""node2"": 0, ""type"": 1, ""w"": 0.0}]",r_raff_sem,0.0
titre,pâte,nmod,NOUN,0.6394232511520386,"[{""id"": 52004, ""node1"": 0, ""node2"": 0, ""type"": 10, ""w"": 0.0}]",r_holo,0.0
titre,pomme,nmod,NOUN,0.5443057417869568,[],,
pomme,terre,nmod,NOUN,0.5497229695320129,"[{""id"": 34768529, ""node1"": 37201, ""node2"": 25705, ""type"": 0, ""w"": 39.0}]",r_associated,39.0
pomme,tomate,amod,NOUN,0.6068177223205566,"[{""id"": 952375914, ""node1"": 37201, ""node2"": 22138, ""type"": 0, ""w"": 10.0}]",r_associated,10.0
pomme,sauge,amod,PROPN,0.606829822063446,[],,
pomme,huile,amod,NOUN,0.6486644148826599,"[{""id"": 52009, ""node1"": 0, ""node2"": 0, ""type"": 17, ""w"": 0.0}]",r_carac,0.0
louche,mixeur,nmod,NOUN,0.5896725058555603,[],,
mixeur,bol,nmod,NOUN,0.5581084489822388,"[{""id"": 539977939, ""node1"": 78314, ""node2"": 145405, ""type"": 58, ""w"": -25.0}]",r_quantificateur,-25.0
bol,étape,nmod,NOUN,0.5393725633621216,[],,
presser,gousse,obj,NOUN,0.4980131089687347,[],,
gousse,ail,nmod,NOUN,0.5501744151115417,"[{""id"": 1841967, ""node1"": 3889, ""node2"": 26979, ""type"": 0, ""w"": 58.0}, {""id"": 665112731, ""node1"": 3889, ""node2"": 26979, ""type"": 174, ""w"": 40.0}, {""id"": 714921743, ""node1"": 3889, ""node2"": 26979, ""type"": 666, ""w"": 3.0}]",r_associated,58.0
ajouter,feuille,obj,NOUN,0.4999395906925201,[],,
feuille,basilic,nmod,PROPN,0.5825510621070862,"[{""id"": 98620683, ""node1"": 37993, ""node2"": 112671, ""type"": 0, ""w"": 18.0}, {""id"": 97419090, ""node1"": 37993, ""node2"": 112671, ""type"": 10, ""w"": 27.0}]",r_holo,27.0
ingrédient,tout,amod,ADJ,0.580045223236084,"[{""id"": 52017, ""node1"": 0, ""node2"": 0, ""type"": 0, ""w"": 0.0}]",r_associated,0.0
ingrédient,blender,nmod,NOUN,0.5870354771614075,"[{""id"": 52018, ""node1"": 0, ""node2"": 0, ""type"": 8, ""w"": 0.0}]",r_hypo,0.0
mixeur,plongeur,nmod,NOUN,0.5050099492073059,"[{""id"": 31815039, ""node1"": 78314, ""node2"": 54165, ""type"": 17, ""w"": 52.0}]",r_carac,52.0
incorporer,huile,obj,NOUN,0.5889466404914856,"[{""id"": 52020, ""node1"": 0, ""node2"": 0, ""type"": 9, ""w"": 0.0}]",r_has_part,0.0
huile,olive,nmod,ADJ,0.577674388885498,"[{""id"": 143577, ""node1"": 141971, ""node2"": 238, ""type"": 0, ""w"": 441.0}, {""id"": 580646, ""node1"": 141971, ""node2"": 238, ""type"": 5, ""w"": 35.0}, {""id"": 214590, ""node1"": 141971, ""node2"": 238, ""type"": 8, ""w"": 101.0}, {""id"": 9972834, ""node1"": 141971, ""node2"": 238, ""type"": 9, ""w"": 10.0}, {""id"": 96691611, ""node1"": 141971, ""node2"": 238, ""type"": 35, ""w"": 34.0}, {""id"": 1808072, ""node1"": 141971, ""node2"": 238, ""type"": 42, ""w"": 92.0}, {""id"": 653727906, ""node1"": 141971, ""node2"": 238, ""type"": 666, ""w"": 5.0}]",r_associated,441.0
replacer,cuve,obj,NOUN,0.530949592590332,[],,
replacer,rincer,advcl,VERB,0.4043159782886505,[],,
morceau,petit,amod,ADJ,0.542499840259552,"[{""id"": 558707704, ""node1"": 65364, ""node2"": 55222, ""type"": 0, ""w"": 27.0}]",r_associated,27.0
tailler,courgette,nmod,NOUN,0.5559446811676025,"[{""id"": 52025, ""node1"": 0, ""node2"": 0, ""type"": 75, ""w"": 0.0}]",r_accomp,0.0
couper,tomate,obj,NOUN,0.6290057301521301,"[{""id"": 628044027, ""node1"": 128828, ""node2"": 22138, ""type"": 0, ""w"": 27.0}, {""id"": 628044026, ""node1"": 128828, ""node2"": 22138, ""type"": 14, ""w"": 100.0}]",r_patient,100.0
mode,dorer,acl,VERB,0.5564908385276794,[],,
dorer,remuer,advcl,VERB,0.5522658824920654,"[{""id"": 52028, ""node1"": 0, ""node2"": 0, ""type"": 16, ""w"": 0.0}]",r_instr,0.0
relancer,cuisson,obj,NOUN,0.6788813471794128,[],,
cuisson,mode,nmod,NOUN,0.5969096422195435,"[{""id"": 52030, ""node1"": 0, ""node2"": 0, ""type"": 0, ""w"": 0.0}]",r_associated,0.0
cuisson,pression,nmod,NOUN,0.6660934090614319,"[{""id"": 52031, ""node1"": 0, ""node2"": 0, ""type"": 0, ""w"": 0.0}]",r_associated,0.0
cuisson,min,nmod,NOUN,0.4561061859130859,[],,
ajouter,haricot,obj,NOUN,0.551318883895874,[],,
pomme,pâte,appos,NOUN,0.6847301125526428,"[{""id"": 52034, ""node1"": 0, ""node2"": 0, ""type"": 10, ""w"": 0.0}]",r_holo,0.0
mode,cuisson,appos,NOUN,0.5969096422195435,"[{""id"": 52035, ""node1"": 0, ""node2"": 0, ""type"": 0, ""w"": 0.0}]",r_associated,0.0
servir,proposer,acl,VERB,0.4137691259384155,[],,
louche,crème,nmod,NOUN,0.6198182106018066,[],,
crème,frais,amod,ADJ,0.5796430110931396,[],,
crème,bol,nmod,NOUN,0.6165731549263,"[{""id"": 31873554, ""node1"": 44001, ""node2"": 145405, ""type"": 15, ""w"": 28.0}]",r_lieu,28.0
bol,part,nmod,NOUN,0.5376130938529968,[],,
