head,lemma,dep,pos,sim,relation,relation_name,w
ingrédient,sel,appos,NOUN,0.6997572183609009,"[{""id"": 24923431, ""node1"": 123418, ""node2"": 13260, ""type"": 0, ""w"": 17.0}, {""id"": 24850731, ""node1"": 123418, ""node2"": 13260, ""type"": 8, ""w"": 27.0}]",r_hypo,27.0
sel,moutarde,amod,NOUN,0.6875824332237244,"[{""id"": 52001, ""node1"": 0, ""node2"": 0, ""type"": 0, ""w"": 0.0}]",r_associated,0.0
sel,crème,nmod,NOUN,0.7389078736305237,[],,
crème,frais,amod,ADJ,0.5796430110931396,[],,
crème,épaisse,amod,NOUN,0.5719905495643616,"[{""id"": 796714566, ""node1"": 44001, ""node2"": 154650, ""type"": 0, ""w"": 21.0}, {""id"": 1022007608, ""node1"": 44001, ""node2"": 154650, ""type"": 17, ""w"": 33.0}]",r_carac,33.0
épaisse,beurre,acl,NOUN,0.6689216494560242,[],,
sel,four,nmod,NOUN,0.7773391604423523,[],,
casserole,balance,obj,NOUN,0.5916885137557983,[],,
balance,cuisine,nmod,NOUN,0.5991910099983215,[],,
balance,plat,appos,ADJ,0.6195622682571411,"[{""id"": 798729099, ""node1"": 145190, ""node2"": 36327, ""type"": 0, ""w"": 28.0}]",r_associated,28.0
balance,étape,nmod,NOUN,0.4149083495140075,[],,
balance,fonction,appos,NOUN,0.4234834611415863,[],,
revenir,échalote,obj,NOUN,0.5848109126091003,[],,
dorer,lui,nsubj:pass,PRON,0.5067495107650757,[],,
ajouter,crème,obj,NOUN,0.610580325126648,[],,
feu,minute,nmod,NOUN,0.5576279163360596,[],,
feu,vif,amod,ADJ,0.5094798803329468,"[{""id"": 418102926, ""node1"": 143703, ""node2"": 80204, ""type"": 0, ""w"": 13.0}, {""id"": 221184, ""node1"": 143703, ""node2"": 80204, ""type"": 17, ""w"": 52.0}]",r_carac,52.0
verser,sauce,obj,NOUN,0.6628547310829163,"[{""id"": 478293932, ""node1"": 104506, ""node2"": 141110, ""type"": 0, ""w"": 28.0}, {""id"": 478293931, ""node1"": 104506, ""node2"": 141110, ""type"": 14, ""w"": 100.0}]",r_patient,100.0
plat,aller,acl,VERB,0.5960066914558411,[],,
four,pavé,nmod,NOUN,0.6236056089401245,[],,
mettre,temps,obj,NOUN,0.4475676417350769,[],,
temps,saisir,acl,VERB,0.4207720458507538,[],,
