head,lemma,dep,pos,sim,relation,relation_name,w
pizza,caviar,nmod,NOUN,0.6286943554878235,[],,
caviar,aubergine,nmod,NOUN,0.5622228980064392,"[{""id"": 213897944, ""node1"": 99862, ""node2"": 14731, ""type"": 0, ""w"": 51.0}]",r_associated,51.0
ingrédient,sel,appos,NOUN,0.6997572183609009,"[{""id"": 24923431, ""node1"": 123418, ""node2"": 13260, ""type"": 0, ""w"": 17.0}, {""id"": 24850731, ""node1"": 123418, ""node2"": 13260, ""type"": 8, ""w"": 27.0}]",r_hypo,27.0
sel,poivre,acl,NOUN,0.6705341935157776,"[{""id"": 125169, ""node1"": 13260, ""node2"": 139597, ""type"": 0, ""w"": 495.0}, {""id"": 1029365119, ""node1"": 13260, ""node2"": 139597, ""type"": 67, ""w"": 28.0}, {""id"": 74985058, ""node1"": 13260, ""node2"": 139597, ""type"": 75, ""w"": 160.0}, {""id"": 1032956770, ""node1"": 13260, ""node2"": 139597, ""type"": 78, ""w"": 39.0}, {""id"": 652227840, ""node1"": 13260, ""node2"": 139597, ""type"": 666, ""w"": 2.0}]",r_associated,495.0
four,économe,nmod,NOUN,0.6647013425827026,"[{""id"": 52004, ""node1"": 0, ""node2"": 0, ""type"": 1, ""w"": 0.0}]",r_raff_sem,0.0
économe,étape,nmod,NOUN,0.4015891551971435,[],,
four,200,nmod,NUM,0.5053980350494385,[],,
four,degré,nmod,NOUN,0.6147381663322449,"[{""id"": 107015150, ""node1"": 9190, ""node2"": 121359, ""type"": 0, ""w"": 38.0}]",r_associated,38.0
four,c,nmod,NOUN,0.4225132167339325,[],,
dérouler,pâte,obj,NOUN,0.6115941405296326,"[{""id"": 31839807, ""node1"": 59830, ""node2"": 34069, ""type"": 14, ""w"": 68.0}]",r_patient,68.0
dérouler,caviar,obj,NOUN,0.4968210458755493,[],,
caviar,pâte,nmod,NOUN,0.6762651801109314,"[{""id"": 52011, ""node1"": 0, ""node2"": 0, ""type"": 8, ""w"": 0.0}]",r_hypo,0.0
laisser,bord,obj,NOUN,0.4149534404277801,[],,
rincer,roquette,obj,NOUN,0.5165929198265076,[],,
roquette,eau,nmod,NOUN,0.5867288112640381,[],,
eau,froid,amod,ADJ,0.5808660984039307,"[{""id"": 432163, ""node1"": 65012, ""node2"": 49803, ""type"": 17, ""w"": 74.0}]",r_carac,74.0
sortie,four,nmod,NOUN,0.6299260258674622,"[{""id"": 52016, ""node1"": 0, ""node2"": 0, ""type"": 0, ""w"": 0.0}]",r_associated,0.0
répartir,roquette,obj,NOUN,0.5071555376052856,[],,
roquette,pizza,nmod,NOUN,0.5963757038116455,"[{""id"": 52018, ""node1"": 0, ""node2"": 0, ""type"": 75, ""w"": 0.0}]",r_accomp,0.0
