head,lemma,dep,pos,sim,relation,relation_name,w
rôti,chevreuil,nmod,NOUN,0.6304236054420471,"[{""id"": 52000, ""node1"": 0, ""node2"": 0, ""type"": 8, ""w"": 0.0}]",r_hypo,0.0
rôti,ingrédient,nmod,NOUN,0.7122430205345154,"[{""id"": 52001, ""node1"": 0, ""node2"": 0, ""type"": 0, ""w"": 0.0}]",r_associated,0.0
rôti,poivre,amod,NOUN,0.7267762422561646,[],,
poivre,blanc,amod,ADJ,0.6191187500953674,"[{""id"": 3192371, ""node1"": 139597, ""node2"": 15196, ""type"": 106, ""w"": 1.0}]",r_has_color,1.0
sel,beurre,amod,NOUN,0.7119027376174927,"[{""id"": 29328492, ""node1"": 13260, ""node2"": 140377, ""type"": 0, ""w"": 30.0}, {""id"": 9986817, ""node1"": 13260, ""node2"": 140377, ""type"": 10, ""w"": 35.0}]",r_holo,35.0
rôti,clou,nmod,NOUN,0.6046071648597717,[],,
clou,poivre,nmod,NOUN,0.5584654211997986,[],,
poivre,cognac,amod,ADJ,0.6328660845756531,[],,
clou,baie,amod,NOUN,0.4049392640590668,[],,
clou,cognac,amod,ADJ,0.465121328830719,[],,
cognac,crème,obj,NOUN,0.6165035367012024,[],,
crème,frais,amod,ADJ,0.5796430110931396,[],,
cognac,sucre,obj,NOUN,0.653348445892334,[],,
sucre,épice,nmod,NOUN,0.7357345819473267,[],,
sucre,persil,nmod,NOUN,0.7048476338386536,[],,
sucre,bouillon,nmod,NOUN,0.7342697381973267,[],,
bouillon,chevreuil,nmod,NOUN,0.626185417175293,"[{""id"": 52016, ""node1"": 0, ""node2"": 0, ""type"": 8, ""w"": 0.0}]",r_hypo,0.0
saladier,cuillère,nmod,NOUN,0.6106023788452148,"[{""id"": 591359667, ""node1"": 45455, ""node2"": 51905, ""type"": 0, ""w"": 33.0}]",r_associated,33.0
cuillère,bois,nmod,NOUN,0.5910300612449646,"[{""id"": 423608378, ""node1"": 51905, ""node2"": 96256, ""type"": 0, ""w"": 41.0}, {""id"": 1977342, ""node1"": 51905, ""node2"": 96256, ""type"": 50, ""w"": 27.0}, {""id"": 3906289, ""node1"": 51905, ""node2"": 96256, ""type"": 777, ""w"": 9.0}]",r_associated,41.0
cuillère,four,nmod,NOUN,0.7153509855270386,"[{""id"": 52019, ""node1"": 0, ""node2"": 0, ""type"": 0, ""w"": 0.0}]",r_associated,0.0
cuillère,pinceau,appos,NOUN,0.5075318813323975,[],,
pinceau,couvercle,nmod,NOUN,0.4981644749641418,[],,
couvercle,casserole,nmod,NOUN,0.6508210897445679,"[{""id"": 2052952, ""node1"": 89523, ""node2"": 57253, ""type"": 0, ""w"": 118.0}, {""id"": 1602021, ""node1"": 89523, ""node2"": 57253, ""type"": 10, ""w"": 63.0}]",r_associated,118.0
cuillère,planche,nmod,NOUN,0.5615888237953186,"[{""id"": 52023, ""node1"": 0, ""node2"": 0, ""type"": 0, ""w"": 0.0}]",r_associated,0.0
cuillère,découper,acl,VERB,0.5746886134147644,"[{""id"": 52024, ""node1"": 0, ""node2"": 0, ""type"": 16, ""w"": 0.0}]",r_instr,0.0
découper,balance,obj,NOUN,0.4950466752052307,[],,
balance,cuisine,nmod,NOUN,0.5991910099983215,[],,
balance,plat,appos,ADJ,0.6195622682571411,"[{""id"": 798729099, ""node1"": 145190, ""node2"": 36327, ""type"": 0, ""w"": 28.0}]",r_associated,28.0
balance,étape,nmod,NOUN,0.4149083495140075,[],,
viande,lard,nmod,NOUN,0.665540337562561,"[{""id"": 796777227, ""node1"": 140100, ""node2"": 59430, ""type"": 0, ""w"": 21.0}, {""id"": 9976379, ""node1"": 140100, ""node2"": 59430, ""type"": 10, ""w"": 4.0}]",r_associated,21.0
mélanger,poivre,obj,NOUN,0.677422285079956,[],,
clou,girofle,nmod,NOUN,0.4290643036365509,"[{""id"": 9902807, ""node1"": 11651, ""node2"": 43873, ""type"": 0, ""w"": 55.0}, {""id"": 413873, ""node1"": 11651, ""node2"": 43873, ""type"": 8, ""w"": 111.0}]",r_hypo,111.0
rouler,viande,obj,NOUN,0.6884698867797852,[],,
mélange,épice,nmod,NOUN,0.6910523176193237,"[{""id"": 925026230, ""node1"": 14800, ""node2"": 146056, ""type"": 0, ""w"": 20.0}]",r_associated,20.0
mouiller,huile,nmod,NOUN,0.6078456044197083,[],,
mouiller,imprégner,nmod,VERB,0.4498248994350433,"[{""id"": 934939, ""node1"": 2344, ""node2"": 119183, ""type"": 0, ""w"": 22.0}]",r_associated,22.0
imprégner,marinade,obj,NOUN,0.6074952483177185,[],,
four,200,nmod,NUM,0.5053980350494385,[],,
four,degré,nmod,NOUN,0.6147381663322449,"[{""id"": 107015150, ""node1"": 9190, ""node2"": 121359, ""type"": 0, ""w"": 38.0}]",r_associated,38.0
four,c,nmod,NOUN,0.4225132167339325,[],,
bout,heure,nmod,NOUN,0.4116244316101074,[],,
gramme,beurre,nmod,NOUN,0.6074452996253967,[],,
doré,lui,nsubj,PRON,0.4699569940567016,[],,
côté,tout,amod,ADJ,0.4549163579940796,[],,
filtrer,marinade,obj,NOUN,0.5555265545845032,[],,
ajouter,cuillère,obj,NOUN,0.5465437173843384,[],,
ajouter,couvrir,advcl,VERB,0.4456633627414703,[],,
poursuivre,cuisson,obj,NOUN,0.6843500733375549,[],,
cuisson,four,nmod,NOUN,0.725607693195343,"[{""id"": 1748883, ""node1"": 60056, ""node2"": 9190, ""type"": 0, ""w"": 162.0}, {""id"": 9626480, ""node1"": 60056, ""node2"": 9190, ""type"": 8, ""w"": 22.0}, {""id"": 14656890, ""node1"": 60056, ""node2"": 9190, ""type"": 41, ""w"": 29.0}, {""id"": 14673603, ""node1"": 60056, ""node2"": 9190, ""type"": 42, ""w"": 32.0}, {""id"": 940332475, ""node1"": 60056, ""node2"": 9190, ""type"": 70, ""w"": 70.0}, {""id"": 989535200, ""node1"": 60056, ""node2"": 9190, ""type"": 80, ""w"": 42.0}, {""id"": 652232265, ""node1"": 60056, ""node2"": 9190, ""type"": 666, ""w"": 4.0}]",r_associated,162.0
four,chaud,amod,ADJ,0.6748667359352112,"[{""id"": 363192, ""node1"": 9190, ""node2"": 19150, ""type"": 0, ""w"": 123.0}, {""id"": 376860, ""node1"": 9190, ""node2"": 19150, ""type"": 17, ""w"": 130.0}, {""id"": 11348785, ""node1"": 9190, ""node2"": 19150, ""type"": 28, ""w"": 38.0}, {""id"": 2221131, ""node1"": 9190, ""node2"": 19150, ""type"": 666, ""w"": 1.0}]",r_carac,130.0
goût,cuisson,nmod,NOUN,0.7213932871818542,"[{""id"": 52050, ""node1"": 0, ""node2"": 0, ""type"": 0, ""w"": 0.0}]",r_associated,0.0
fin,cuisson,nmod,NOUN,0.5646086931228638,"[{""id"": 52051, ""node1"": 0, ""node2"": 0, ""type"": 0, ""w"": 0.0}]",r_associated,0.0
ajouter,champignon,obj,NOUN,0.5464464426040649,[],,
champignon,égoutter,acl,VERB,0.5703482031822205,"[{""id"": 52053, ""node1"": 0, ""node2"": 0, ""type"": 8, ""w"": 0.0}]",r_hypo,0.0
cuire,min,obj,NOUN,0.5212259888648987,[],,
sortir,viande,obj,NOUN,0.6884735822677612,[],,
viande,four,nmod,NOUN,0.7854964137077332,"[{""id"": 11353885, ""node1"": 140100, ""node2"": 9190, ""type"": 15, ""w"": 38.0}]",r_lieu,38.0
casserole,petit,amod,ADJ,0.6468310356140137,"[{""id"": 52057, ""node1"": 0, ""node2"": 0, ""type"": 17, ""w"": 0.0}]",r_carac,0.0
casserole,porter,acl,VERB,0.5768375992774963,"[{""id"": 52058, ""node1"": 0, ""node2"": 0, ""type"": 9, ""w"": 0.0}]",r_has_part,0.0
ébullition,bouillon,nmod,NOUN,0.5922847986221313,"[{""id"": 914309674, ""node1"": 83252, ""node2"": 146582, ""type"": 0, ""w"": 20.0}]",r_associated,20.0
bouillon,sucre,nmod,NOUN,0.7342697381973267,"[{""id"": 52060, ""node1"": 0, ""node2"": 0, ""type"": 0, ""w"": 0.0}]",r_associated,0.0
porter,épice,obj,NOUN,0.662516176700592,[],,
épice,filtrer,acl,VERB,0.6116456985473633,"[{""id"": 736984989, ""node1"": 146056, ""node2"": 62259, ""type"": 0, ""w"": 22.0}]",r_associated,22.0
mijoter,min,obj,NOUN,0.4553591310977936,[],,
ajouter,cognac,obj,NOUN,0.5343592762947083,[],,
rectifier,assaisonnement,obj,NOUN,0.5303710103034973,"[{""id"": 15080476, ""node1"": 36001, ""node2"": 15763, ""type"": 14, ""w"": 30.0}]",r_patient,30.0
découper,rôti,obj,NOUN,0.6581160426139832,"[{""id"": 430111485, ""node1"": 45686, ""node2"": 19636, ""type"": 0, ""w"": 22.0}]",r_associated,22.0
tranche,dresser,acl:relcl,VERB,0.4525562822818756,[],,
plat,service,nmod,NOUN,0.5934174060821533,"[{""id"": 465259, ""node1"": 36327, ""node2"": 24247, ""type"": 0, ""w"": 81.0}, {""id"": 1726713, ""node1"": 36327, ""node2"": 24247, ""type"": 5, ""w"": 92.0}]",r_syn,92.0
service,chaud,amod,ADJ,0.5268857479095459,[],,
entourer,champignon,obj,NOUN,0.4941584467887878,[],,
sauce,filtrer,acl,VERB,0.6196973919868469,"[{""id"": 31823728, ""node1"": 141110, ""node2"": 62259, ""type"": 26, ""w"": 30.0}]",r_patient-1,30.0
