head,lemma,dep,pos,sim,relation,relation_name,w
échalote,vin,nmod,NOUN,0.6401569247245789,"[{""id"": 52000, ""node1"": 0, ""node2"": 0, ""type"": 0, ""w"": 0.0}]",r_associated,0.0
vin,blanc,amod,ADJ,0.6016787886619568,"[{""id"": 61837, ""node1"": 35798, ""node2"": 15196, ""type"": 0, ""w"": 534.0}, {""id"": 54666180, ""node1"": 35798, ""node2"": 15196, ""type"": 5, ""w"": 76.0}, {""id"": 3170069, ""node1"": 35798, ""node2"": 15196, ""type"": 8, ""w"": 66.0}, {""id"": 8997815, ""node1"": 35798, ""node2"": 15196, ""type"": 17, ""w"": 39.0}, {""id"": 31148619, ""node1"": 35798, ""node2"": 15196, ""type"": 27, ""w"": 23.0}, {""id"": 3160066, ""node1"": 35798, ""node2"": 15196, ""type"": 106, ""w"": 6.0}, {""id"": 1526707, ""node1"": 35798, ""node2"": 15196, ""type"": 666, ""w"": 4.0}]",r_associated,534.0
couteau,balance,nmod,NOUN,0.5317514538764954,[],,
balance,cuisine,nmod,NOUN,0.5991910099983215,"[{""id"": 52003, ""node1"": 0, ""node2"": 0, ""type"": 15, ""w"": 0.0}]",r_lieu,0.0
beurre,fondre,acl,VERB,0.643409252166748,"[{""id"": 652231036, ""node1"": 140377, ""node2"": 16480, ""type"": 0, ""w"": 21.0}, {""id"": 24771033, ""node1"": 140377, ""node2"": 16480, ""type"": 24, ""w"": 137.0}, {""id"": 1886772, ""node1"": 140377, ""node2"": 16480, ""type"": 26, ""w"": 33.0}]",r_agent-1,137.0
revenir,viande,obj,NOUN,0.7223973870277405,"[{""id"": 52005, ""node1"": 0, ""node2"": 0, ""type"": 16, ""w"": 0.0}]",r_instr,0.0
mettre,cuisson,obj,NOUN,0.7097181677818298,[],,
ajouter,échalote,obj,NOUN,0.5571005344390869,"[{""id"": 52007, ""node1"": 0, ""node2"": 0, ""type"": 8, ""w"": 0.0}]",r_hypo,0.0
échalote,couper,acl,VERB,0.5763925313949585,"[{""id"": 130817, ""node1"": 41642, ""node2"": 128828, ""type"": 0, ""w"": 59.0}]",r_associated,59.0
morceau,petit,amod,ADJ,0.542499840259552,"[{""id"": 558707704, ""node1"": 65364, ""node2"": 55222, ""type"": 0, ""w"": 27.0}]",r_associated,27.0
mettre,viande,nsubj,NOUN,0.7075909972190857,[],,
viande,coloré,amod,ADJ,0.7214592695236206,"[{""id"": 52011, ""node1"": 0, ""node2"": 0, ""type"": 75, ""w"": 0.0}]",r_accomp,0.0
viande,ajouter,acl,VERB,0.7162638902664185,[],,
ajouter,crème,obj,NOUN,0.610580325126648,[],,
crème,frais,amod,ADJ,0.5796430110931396,[],,
mettre,persil,obj,NOUN,0.6030701398849487,[],,
moment,service,nmod,NOUN,0.4095160663127899,[],,
bon,appétit,obj,NOUN,0.4575223624706268,"[{""id"": 2304181, ""node1"": 144229, ""node2"": 3467, ""type"": 23, ""w"": 5.0}]",r_carac-1,5.0
