head,lemma,dep,pos,sim,relation,relation_name,w
titre,salade,nmod,NOUN,0.5926524996757507,"[{""id"": 52000, ""node1"": 0, ""node2"": 0, ""type"": 8, ""w"": 0.0}]",r_hypo,0.0
salade,thaïlandais,amod,ADJ,0.6383147239685059,"[{""id"": 52001, ""node1"": 0, ""node2"": 0, ""type"": 75, ""w"": 0.0}]",r_accomp,0.0
salade,léger,amod,ADJ,0.6105145215988159,"[{""id"": 97758239, ""node1"": 118908, ""node2"": 143256, ""type"": 17, ""w"": 26.0}]",r_carac,26.0
salade,ingrédient,nmod,NOUN,0.7127874493598938,"[{""id"": 52003, ""node1"": 0, ""node2"": 0, ""type"": 10, ""w"": 0.0}]",r_holo,0.0
salade,piment,appos,ADV,0.7227891683578491,"[{""id"": 52004, ""node1"": 0, ""node2"": 0, ""type"": 17, ""w"": 0.0}]",r_carac,0.0
salade,vinaigre,acl,NOUN,0.7109248638153076,"[{""id"": 385546, ""node1"": 118908, ""node2"": 145443, ""type"": 0, ""w"": 68.0}, {""id"": 97758245, ""node1"": 118908, ""node2"": 145443, ""type"": 9, ""w"": 27.0}]",r_associated,68.0
vinaigre,gingembre,nmod,NOUN,0.6640594005584717,"[{""id"": 52006, ""node1"": 0, ""node2"": 0, ""type"": 10, ""w"": 0.0}]",r_holo,0.0
gingembre,sucre,appos,NOUN,0.6843656301498413,[],,
sucre,citron,nmod,NOUN,0.6847571134567261,"[{""id"": 292123774, ""node1"": 139481, ""node2"": 15386, ""type"": 777, ""w"": 10.0}]",r_wiki,10.0
sucre,vert,nmod,PROPN,0.6323696970939636,"[{""id"": 52009, ""node1"": 0, ""node2"": 0, ""type"": 6, ""w"": 0.0}]",r_isa,0.0
coriandre,concombre,nmod,NOUN,0.5998872518539429,"[{""id"": 52010, ""node1"": 0, ""node2"": 0, ""type"": 0, ""w"": 0.0}]",r_associated,0.0
concombre,menthe,acl,VERB,0.5609439015388489,"[{""id"": 52011, ""node1"": 0, ""node2"": 0, ""type"": 15, ""w"": 0.0}]",r_lieu,0.0
concombre,grillé,amod,ADJ,0.6090764403343201,"[{""id"": 52012, ""node1"": 0, ""node2"": 0, ""type"": 8, ""w"": 0.0}]",r_hypo,0.0
cuillère,bois,nmod,NOUN,0.5910300612449646,"[{""id"": 423608378, ""node1"": 51905, ""node2"": 96256, ""type"": 0, ""w"": 41.0}, {""id"": 1977342, ""node1"": 51905, ""node2"": 96256, ""type"": 50, ""w"": 27.0}, {""id"": 3906289, ""node1"": 51905, ""node2"": 96256, ""type"": 777, ""w"": 9.0}]",r_associated,41.0
cuillère,mixeur,nmod,NOUN,0.5916650295257568,"[{""id"": 52014, ""node1"": 0, ""node2"": 0, ""type"": 0, ""w"": 0.0}]",r_associated,0.0
mixeur,économe,nmod,NOUN,0.538520872592926,[],,
économe,saladier,nmod,NOUN,0.542054295539856,[],,
saladier,couteau,nmod,NOUN,0.6030980348587036,"[{""id"": 52017, ""node1"": 0, ""node2"": 0, ""type"": 0, ""w"": 0.0}]",r_associated,0.0
rouleau,pâtisserie,nmod,NOUN,0.510869026184082,"[{""id"": 34655902, ""node1"": 59019, ""node2"": 25966, ""type"": 0, ""w"": 31.0}]",r_associated,31.0
cuillère,petit,amod,ADJ,0.5946335196495056,"[{""id"": 52019, ""node1"": 0, ""node2"": 0, ""type"": 1, ""w"": 0.0}]",r_raff_sem,0.0
rouleau,cuillère,appos,NOUN,0.5391177535057068,[],,
cuillère,plat,nmod,ADJ,0.6768530607223511,"[{""id"": 662507898, ""node1"": 51905, ""node2"": 36327, ""type"": 0, ""w"": 44.0}]",r_associated,44.0
zeste,citron,nmod,NOUN,0.5487085580825806,"[{""id"": 615058522, ""node1"": 98173, ""node2"": 15386, ""type"": 0, ""w"": 22.0}, {""id"": 9991099, ""node1"": 98173, ""node2"": 15386, ""type"": 10, ""w"": 4.0}, {""id"": 377014851, ""node1"": 98173, ""node2"": 15386, ""type"": 20, ""w"": 34.0}, {""id"": 986046177, ""node1"": 98173, ""node2"": 15386, ""type"": 666, ""w"": 2.0}]",r_has_magn,34.0
citron,vert,amod,ADJ,0.5348256230354309,"[{""id"": 1559582, ""node1"": 15386, ""node2"": 26976, ""type"": 0, ""w"": 61.0}, {""id"": 1773945, ""node1"": 15386, ""node2"": 26976, ""type"": 17, ""w"": 26.0}, {""id"": 3160941, ""node1"": 15386, ""node2"": 26976, ""type"": 106, ""w"": 10.0}]",r_associated,61.0
extraire,jus,obj,NOUN,0.5501731038093567,"[{""id"": 599215017, ""node1"": 103148, ""node2"": 53310, ""type"": 14, ""w"": 31.0}]",r_patient,31.0
ingrédient,tout,amod,ADJ,0.580045223236084,"[{""id"": 52025, ""node1"": 0, ""node2"": 0, ""type"": 0, ""w"": 0.0}]",r_associated,0.0
mélanger,ingrédient,obj,NOUN,0.6362285614013672,"[{""id"": 8839347, ""node1"": 37151, ""node2"": 123418, ""type"": 0, ""w"": 2.0}, {""id"": 775449836, ""node1"": 37151, ""node2"": 123418, ""type"": 14, ""w"": 31.0}]",r_patient,31.0
ingrédient,sauce,nmod,NOUN,0.7589731812477112,"[{""id"": 98477910, ""node1"": 123418, ""node2"": 141110, ""type"": 0, ""w"": 28.0}, {""id"": 97415123, ""node1"": 123418, ""node2"": 141110, ""type"": 10, ""w"": 28.0}]",r_holo,28.0
rendre,concombre,nsubj,NOUN,0.476076990365982,[],,
concombre,cuillère,nmod,NOUN,0.6121284365653992,"[{""id"": 52029, ""node1"": 0, ""node2"": 0, ""type"": 8, ""w"": 0.0}]",r_hypo,0.0
cuillère,concombre,nmod,NOUN,0.6121284365653992,"[{""id"": 52030, ""node1"": 0, ""node2"": 0, ""type"": 6, ""w"": 0.0}]",r_isa,0.0
mettre,légume,obj,NOUN,0.6695612072944641,[],,
verser,sauce,obj,NOUN,0.6628547310829163,"[{""id"": 478293932, ""node1"": 104506, ""node2"": 141110, ""type"": 0, ""w"": 28.0}, {""id"": 478293931, ""node1"": 104506, ""node2"": 141110, ""type"": 14, ""w"": 100.0}]",r_patient,100.0
plat,couteau,nmod,NOUN,0.6374439597129822,"[{""id"": 770612932, ""node1"": 36327, ""node2"": 32610, ""type"": 0, ""w"": 49.0}]",r_associated,49.0
sac,plastique,amod,ADJ,0.4511062502861023,"[{""id"": 1697294, ""node1"": 40635, ""node2"": 85406, ""type"": 0, ""w"": 130.0}, {""id"": 9974151, ""node1"": 40635, ""node2"": 85406, ""type"": 9, ""w"": 10.0}, {""id"": 219034, ""node1"": 40635, ""node2"": 85406, ""type"": 17, ""w"": 70.0}, {""id"": 96740320, ""node1"": 40635, ""node2"": 85406, ""type"": 50, ""w"": 59.0}, {""id"": 1525343, ""node1"": 40635, ""node2"": 85406, ""type"": 666, ""w"": 1.0}]",r_associated,130.0
rouleau,patisserie,nmod,NOUN,0.4855607748031616,"[{""id"": 2128979, ""node1"": 59019, ""node2"": 152182, ""type"": 0, ""w"": 28.0}]",r_associated,28.0
