head,lemma,dep,pos,sim,relation,relation_name,w
soupe,printemps,nmod,NOUN,0.6343926787376404,"[{""id"": 52000, ""node1"": 0, ""node2"": 0, ""type"": 0, ""w"": 0.0}]",r_associated,0.0
printemps,ingrédient,nmod,NOUN,0.5734159350395203,"[{""id"": 52001, ""node1"": 0, ""node2"": 0, ""type"": 75, ""w"": 0.0}]",r_accomp,0.0
printemps,sel,nmod,NOUN,0.660988450050354,"[{""id"": 52002, ""node1"": 0, ""node2"": 0, ""type"": 8, ""w"": 0.0}]",r_hypo,0.0
sel,poivre,nmod,NOUN,0.6705341935157776,"[{""id"": 125169, ""node1"": 13260, ""node2"": 139597, ""type"": 0, ""w"": 495.0}, {""id"": 1029365119, ""node1"": 13260, ""node2"": 139597, ""type"": 67, ""w"": 28.0}, {""id"": 74985058, ""node1"": 13260, ""node2"": 139597, ""type"": 75, ""w"": 160.0}, {""id"": 1032956770, ""node1"": 13260, ""node2"": 139597, ""type"": 78, ""w"": 39.0}, {""id"": 652227840, ""node1"": 13260, ""node2"": 139597, ""type"": 666, ""w"": 2.0}]",r_associated,495.0
poivre,bouillon,nmod,NOUN,0.7096828818321228,"[{""id"": 52004, ""node1"": 0, ""node2"": 0, ""type"": 9, ""w"": 0.0}]",r_has_part,0.0
bouillon,boeuf,nmod,NOUN,0.6349595785140991,"[{""id"": 52005, ""node1"": 0, ""node2"": 0, ""type"": 75, ""w"": 0.0}]",r_accomp,0.0
oignon,huile,amod,NOUN,0.633205235004425,"[{""id"": 3937482, ""node1"": 123307, ""node2"": 141971, ""type"": 777, ""w"": 1.0}]",r_wiki,1.0
oignon,boeuf,nmod,NOUN,0.6415389776229858,"[{""id"": 52007, ""node1"": 0, ""node2"": 0, ""type"": 75, ""w"": 0.0}]",r_accomp,0.0
boeuf,fève,nmod,NOUN,0.6111904978752136,[],,
boeuf,pois,nmod,NOUN,0.5864944458007812,[],,
boeuf,coeur,nmod,NOUN,0.5246527791023254,"[{""id"": 2777868, ""node1"": 47417, ""node2"": 96211, ""type"": 9, ""w"": 30.0}]",r_has_part,30.0
coeur,pain,nmod,NOUN,0.6287514567375183,[],,
pain,campagne,nmod,NOUN,0.6385389566421509,"[{""id"": 652238, ""node1"": 61283, ""node2"": 79444, ""type"": 0, ""w"": 57.0}]",r_associated,57.0
campagne,parmesan,amod,NOUN,0.6095619201660156,[],,
boeuf,louche,appos,NOUN,0.6187813878059387,[],,
boeuf,mixeur,nmod,NOUN,0.6539065837860107,"[{""id"": 52015, ""node1"": 0, ""node2"": 0, ""type"": 16, ""w"": 0.0}]",r_instr,0.0
mixeur,plonger,acl,VERB,0.5584041476249695,"[{""id"": 52016, ""node1"": 0, ""node2"": 0, ""type"": 8, ""w"": 0.0}]",r_hypo,0.0
soupe,chauffer,amod,VERB,0.7074646949768066,"[{""id"": 1041781185, ""node1"": 117152, ""node2"": 90994, ""type"": 30, ""w"": 51.0}]",r_lieu_action,51.0
chauffer,couteau,obj,NOUN,0.6349921822547913,"[{""id"": 52018, ""node1"": 0, ""node2"": 0, ""type"": 16, ""w"": 0.0}]",r_instr,0.0
couteau,mixeur,nmod,NOUN,0.573357105255127,"[{""id"": 52019, ""node1"": 0, ""node2"": 0, ""type"": 0, ""w"": 0.0}]",r_associated,0.0
mixeur,économe,nmod,NOUN,0.538520872592926,[],,
économe,cocotte,nmod,NOUN,0.5855699181556702,"[{""id"": 52021, ""node1"": 0, ""node2"": 0, ""type"": 6, ""w"": 0.0}]",r_isa,0.0
économe,poêle,nmod,NOUN,0.6104288101196289,"[{""id"": 52022, ""node1"": 0, ""node2"": 0, ""type"": 6, ""w"": 0.0}]",r_isa,0.0
économe,cuillère,nmod,NOUN,0.534529447555542,[],,
cuillère,bois,nmod,NOUN,0.5910300612449646,"[{""id"": 423608378, ""node1"": 51905, ""node2"": 96256, ""type"": 0, ""w"": 41.0}, {""id"": 1977342, ""node1"": 51905, ""node2"": 96256, ""type"": 50, ""w"": 27.0}, {""id"": 3906289, ""node1"": 51905, ""node2"": 96256, ""type"": 777, ""w"": 9.0}]",r_associated,41.0
cuillère,couvercle,nmod,NOUN,0.6197326183319092,"[{""id"": 52025, ""node1"": 0, ""node2"": 0, ""type"": 9, ""w"": 0.0}]",r_has_part,0.0
plaque,meilleur,amod,ADJ,0.5153307318687439,[],,
top,plaque,nmod,NOUN,0.4243907332420349,[],,
plaque,four,nmod,NOUN,0.6611073017120361,"[{""id"": 9977205, ""node1"": 145064, ""node2"": 9190, ""type"": 10, ""w"": 4.0}, {""id"": 7612093, ""node1"": 145064, ""node2"": 9190, ""type"": 777, ""w"": 10.0}]",r_wiki,10.0
four,bol,nmod,NOUN,0.6603272557258606,"[{""id"": 52029, ""node1"": 0, ""node2"": 0, ""type"": 15, ""w"": 0.0}]",r_lieu,0.0
chauffer,étape,obj,NOUN,0.4912289679050445,[],,
trancher,coeur,obj,NOUN,0.4239735007286072,[],,
chauffer,huile,obj,NOUN,0.64256751537323,[],,
huile,olive,nmod,ADJ,0.577674388885498,"[{""id"": 143577, ""node1"": 141971, ""node2"": 238, ""type"": 0, ""w"": 441.0}, {""id"": 580646, ""node1"": 141971, ""node2"": 238, ""type"": 5, ""w"": 35.0}, {""id"": 214590, ""node1"": 141971, ""node2"": 238, ""type"": 8, ""w"": 101.0}, {""id"": 9972834, ""node1"": 141971, ""node2"": 238, ""type"": 9, ""w"": 10.0}, {""id"": 96691611, ""node1"": 141971, ""node2"": 238, ""type"": 35, ""w"": 34.0}, {""id"": 1808072, ""node1"": 141971, ""node2"": 238, ""type"": 42, ""w"": 92.0}, {""id"": 653727906, ""node1"": 141971, ""node2"": 238, ""type"": 666, ""w"": 5.0}]",r_associated,441.0
revenir,oignon,obj,NOUN,0.6089184284210205,"[{""id"": 31815154, ""node1"": 59241, ""node2"": 123307, ""type"": 14, ""w"": 56.0}]",r_patient,56.0
feu,doux,amod,ADJ,0.5496628284454346,[],,
doré,oignon,nsubj,NOUN,0.595569372177124,"[{""id"": 514133577, ""node1"": 47964, ""node2"": 123307, ""type"": 23, ""w"": 3.0}]",r_carac-1,3.0
ajouter,boeuf,obj,NOUN,0.6044713854789734,[],,
cuire,minute,obj,NOUN,0.6918482780456543,[],,
cuire,disperser,advcl,VERB,0.6812011003494263,"[{""id"": 52039, ""node1"": 0, ""node2"": 0, ""type"": 67, ""w"": 0.0}]",r_similar,0.0
disperser,viande,obj,NOUN,0.6951918601989746,[],,
aide,cuillère,nmod,NOUN,0.45757657289505,[],,
ajouter,fève,obj,NOUN,0.5357306003570557,[],,
cuire,cesser,advcl,VERB,0.6450760960578918,[],,
verser,bouillon,obj,NOUN,0.5986587405204773,"[{""id"": 52044, ""node1"": 0, ""node2"": 0, ""type"": 9, ""w"": 0.0}]",r_has_part,0.0
laisser,minute,obj,NOUN,0.4280168712139129,[],,
retirer,cocotte,obj,NOUN,0.6206820607185364,"[{""id"": 52046, ""node1"": 0, ""node2"": 0, ""type"": 8, ""w"": 0.0}]",r_hypo,0.0
cocotte,feu,nmod,NOUN,0.6191681623458862,"[{""id"": 52047, ""node1"": 0, ""node2"": 0, ""type"": 15, ""w"": 0.0}]",r_lieu,0.0
disposer,tranche,obj,NOUN,0.4626000821590423,[],,
tranche,pain,nmod,NOUN,0.6442368030548096,"[{""id"": 240074, ""node1"": 143123, ""node2"": 61283, ""type"": 0, ""w"": 221.0}, {""id"": 97833247, ""node1"": 143123, ""node2"": 61283, ""type"": 3, ""w"": 10.0}, {""id"": 9992595, ""node1"": 143123, ""node2"": 61283, ""type"": 10, ""w"": 4.0}, {""id"": 97327248, ""node1"": 143123, ""node2"": 61283, ""type"": 35, ""w"": 30.0}, {""id"": 775213283, ""node1"": 143123, ""node2"": 61283, ""type"": 174, ""w"": 25.0}]",r_associated,221.0
pain,griller,acl,VERB,0.7031118273735046,"[{""id"": 906936967, ""node1"": 61283, ""node2"": 46367, ""type"": 0, ""w"": 20.0}, {""id"": 14843337, ""node1"": 61283, ""node2"": 46367, ""type"": 24, ""w"": 30.0}, {""id"": 1923006, ""node1"": 61283, ""node2"": 46367, ""type"": 25, ""w"": 80.0}, {""id"": 289454911, ""node1"": 61283, ""node2"": 46367, ""type"": 26, ""w"": 100.0}]",r_patient-1,100.0
tranche,fond,nmod,NOUN,0.4896793067455292,[],,
fond,bol,nmod,NOUN,0.5501742959022522,"[{""id"": 94056784, ""node1"": 119272, ""node2"": 145405, ""type"": 0, ""w"": 6.0}, {""id"": 72919738, ""node1"": 119272, ""node2"": 145405, ""type"": 10, ""w"": 30.0}]",r_holo,30.0
verser,soupe,obj,NOUN,0.6456459760665894,"[{""id"": 437840925, ""node1"": 104506, ""node2"": 117152, ""type"": 0, ""w"": 27.0}, {""id"": 437840924, ""node1"": 104506, ""node2"": 117152, ""type"": 14, ""w"": 100.0}, {""id"": 1046684355, ""node1"": 104506, ""node2"": 117152, ""type"": 31, ""w"": 21.0}]",r_patient,100.0
soupe,dessus,nmod,NOUN,0.6709778904914856,"[{""id"": 52054, ""node1"": 0, ""node2"": 0, ""type"": 17, ""w"": 0.0}]",r_carac,0.0
