head,lemma,dep,pos,sim,relation,relation_name,w
marmite,top,nmod,NOUN,0.4777369797229767,[],,
couvercle,blender,nmod,NOUN,0.5700308084487915,[],,
couvercle,chauffer,amod,VERB,0.6559014320373535,"[{""id"": 52002, ""node1"": 0, ""node2"": 0, ""type"": 9, ""w"": 0.0}]",r_has_part,0.0
chauffer,étape,obj,NOUN,0.4912289679050445,[],,
marmite,verser,acl,VERB,0.6221544742584229,"[{""id"": 52004, ""node1"": 0, ""node2"": 0, ""type"": 17, ""w"": 0.0}]",r_carac,0.0
verser,sachet,obj,NOUN,0.5517759919166565,"[{""id"": 52005, ""node1"": 0, ""node2"": 0, ""type"": 53, ""w"": 0.0}]",r_make,0.0
eau,froid,amod,ADJ,0.5808660984039307,"[{""id"": 432163, ""node1"": 65012, ""node2"": 49803, ""type"": 17, ""w"": 74.0}]",r_carac,74.0
marmite,contenir,acl,VERB,0.6296607851982117,[],,
