head,lemma,dep,pos,sim,relation,relation_name,w
sucre,chocolat,nmod,NOUN,0.6538985371589661,"[{""id"": 104775, ""node1"": 139481, ""node2"": 34157, ""type"": 0, ""w"": 209.0}, {""id"": 106441, ""node1"": 139481, ""node2"": 34157, ""type"": 6, ""w"": -99.0}, {""id"": 9984686, ""node1"": 139481, ""node2"": 34157, ""type"": 10, ""w"": 4.0}, {""id"": 153629, ""node1"": 139481, ""node2"": 34157, ""type"": 15, ""w"": 78.0}, {""id"": 376048866, ""node1"": 139481, ""node2"": 34157, ""type"": 51, ""w"": 28.0}, {""id"": 646152036, ""node1"": 139481, ""node2"": 34157, ""type"": 666, ""w"": 6.0}]",r_associated,209.0
sucre,beurre,amod,NOUN,0.6973879933357239,[],,
sucre,oeuf,nmod,NOUN,0.6437758803367615,"[{""id"": 376049526, ""node1"": 139481, ""node2"": 116175, ""type"": 51, ""w"": 41.0}]",r_mater>object,41.0
oeuf,arôme,nmod,NOUN,0.5896756052970886,"[{""id"": 52003, ""node1"": 0, ""node2"": 0, ""type"": 17, ""w"": 0.0}]",r_carac,0.0
sucre,four,nmod,NOUN,0.7770997881889343,[],,
four,Maryse,nmod,PROPN,0.6192317008972168,"[{""id"": 52005, ""node1"": 0, ""node2"": 0, ""type"": 0, ""w"": 0.0}]",r_associated,0.0
Maryse,saladier,nmod,NOUN,0.4495363533496856,[],,
saladier,balance,nmod,NOUN,0.5669676065444946,[],,
balance,cuisine,nmod,NOUN,0.5991910099983215,"[{""id"": 52008, ""node1"": 0, ""node2"": 0, ""type"": 9, ""w"": 0.0}]",r_has_part,0.0
sucre,étape,nmod,NOUN,0.6472875475883484,"[{""id"": 52009, ""node1"": 0, ""node2"": 0, ""type"": 6, ""w"": 0.0}]",r_isa,0.0
four,180,nmod,NUM,0.4979606568813324,[],,
sucre,degré,nmod,NOUN,0.5845609307289124,"[{""id"": 52011, ""node1"": 0, ""node2"": 0, ""type"": 0, ""w"": 0.0}]",r_associated,0.0
détailler,chocolat,nmod,NOUN,0.6044834852218628,"[{""id"": 52012, ""node1"": 0, ""node2"": 0, ""type"": 0, ""w"": 0.0}]",r_associated,0.0
pépite,grossier,amod,ADJ,0.4601343274116516,[],,
battre,sucre,obj,NOUN,0.6310595273971558,[],,
blanchir,mélange,nsubj,NOUN,0.5664106011390686,[],,
ajouter,farine,obj,NOUN,0.6640971302986145,"[{""id"": 373014569, ""node1"": 25099, ""node2"": 127629, ""type"": 14, ""w"": 31.0}]",r_patient,31.0
ajouter,pépite,obj,NOUN,0.4621942043304443,[],,
pépite,chocolat,nmod,NOUN,0.5406539440155029,"[{""id"": 365455, ""node1"": 25082, ""node2"": 34157, ""type"": 0, ""w"": 152.0}, {""id"": 376056261, ""node1"": 25082, ""node2"": 34157, ""type"": 50, ""w"": 35.0}, {""id"": 930408960, ""node1"": 25082, ""node2"": 34157, ""type"": 666, ""w"": 2.0}]",r_associated,152.0
mélanger,incorporer,advcl,VERB,0.4769802093505859,"[{""id"": 9357211, ""node1"": 37151, ""node2"": 3845, ""type"": 0, ""w"": 64.0}, {""id"": 646361, ""node1"": 37151, ""node2"": 3845, ""type"": 5, ""w"": 160.0}, {""id"": 2073046, ""node1"": 37151, ""node2"": 3845, ""type"": 35, ""w"": 60.0}, {""id"": 1045903631, ""node1"": 37151, ""node2"": 3845, ""type"": 666, ""w"": 2.0}]",r_syn,160.0
verser,préparation,obj,NOUN,0.5208573341369629,"[{""id"": 72653246, ""node1"": 104506, ""node2"": 33634, ""type"": 0, ""w"": 30.0}, {""id"": 478294173, ""node1"": 104506, ""node2"": 33634, ""type"": 14, ""w"": 100.0}]",r_patient,100.0
préparation,moule,nmod,NOUN,0.5472729206085205,"[{""id"": 601611756, ""node1"": 33634, ""node2"": 143723, ""type"": 0, ""w"": 22.0}]",r_associated,22.0
reste,pépite,nmod,NOUN,0.4634258151054382,[],,
lisser,surface,obj,NOUN,0.4404014945030212,"[{""id"": 31879228, ""node1"": 125101, ""node2"": 45989, ""type"": 14, ""w"": 57.0}, {""id"": 990274043, ""node1"": 125101, ""node2"": 45989, ""type"": 666, ""w"": 2.0}]",r_patient,57.0
surface,gâteau,nmod,NOUN,0.6155325770378113,[],,
enfourner,minute,obj,NOUN,0.5091933012008667,[],,
