head,lemma,dep,pos,sim,relation,relation_name,w
titre,boule,nmod,NOUN,0.4970012307167053,[],,
boule,chocolat,nmod,NOUN,0.5878035426139832,"[{""id"": 230878, ""node1"": 141883, ""node2"": 34157, ""type"": 0, ""w"": 53.0}]",r_associated,53.0
boule,Suède,nmod,PROPN,0.4169535338878631,[],,
boule,ingrédient,nmod,NOUN,0.6116237044334412,[],,
boule,noix,nmod,NOUN,0.5950387716293335,"[{""id"": 52004, ""node1"": 0, ""node2"": 0, ""type"": 0, ""w"": 0.0}]",r_associated,0.0
noix,coco,nmod,ADV,0.5701965689659119,"[{""id"": 1924690, ""node1"": 30910, ""node2"": 145904, ""type"": 0, ""w"": 55.0}]",r_associated,55.0
boule,sucre,acl,NOUN,0.6564199328422546,"[{""id"": 5013809, ""node1"": 141883, ""node2"": 139481, ""type"": 9, ""w"": 0.0}]",r_has_part,0.0
sucre,vanillé,amod,ADJ,0.6220211982727051,"[{""id"": 9901819, ""node1"": 139481, ""node2"": 19738, ""type"": 0, ""w"": 13.0}, {""id"": 360676, ""node1"": 139481, ""node2"": 19738, ""type"": 8, ""w"": -101.0}]",r_associated,13.0
sucre,cacao,amod,NOUN,0.6052868962287903,"[{""id"": 561132476, ""node1"": 139481, ""node2"": 68363, ""type"": 0, ""w"": 48.0}]",r_associated,48.0
boule,cuillère,nmod,NOUN,0.5372235178947449,[],,
cuillère,bois,nmod,NOUN,0.5910300612449646,"[{""id"": 423608378, ""node1"": 51905, ""node2"": 96256, ""type"": 0, ""w"": 41.0}, {""id"": 1977342, ""node1"": 51905, ""node2"": 96256, ""type"": 50, ""w"": 27.0}, {""id"": 3906289, ""node1"": 51905, ""node2"": 96256, ""type"": 777, ""w"": 9.0}]",r_associated,41.0
balance,cuisine,nmod,NOUN,0.5991910099983215,[],,
balance,frigo,appos,NOUN,0.5736064314842224,"[{""id"": 52012, ""node1"": 0, ""node2"": 0, ""type"": 6, ""w"": 0.0}]",r_isa,0.0
balance,étape,nmod,NOUN,0.4149083495140075,[],,
balance,sortir,acl,VERB,0.4354990422725677,[],,
balance,matière,nmod,NOUN,0.4612943530082702,[],,
matière,gras,amod,ADJ,0.5428515672683716,"[{""id"": 909483172, ""node1"": 29208, ""node2"": 56362, ""type"": 0, ""w"": 20.0}]",r_associated,20.0
préalable,réfrigérateur,nmod,NOUN,0.489042729139328,[],,
ajouter,sucre,obj,NOUN,0.6556426286697388,"[{""id"": 374361321, ""node1"": 25099, ""node2"": 139481, ""type"": 14, ""w"": 31.0}]",r_patient,31.0
pâte,homogène,amod,ADJ,0.6105889678001404,"[{""id"": 796702467, ""node1"": 34069, ""node2"": 124759, ""type"": 0, ""w"": 28.0}, {""id"": 372565004, ""node1"": 34069, ""node2"": 124759, ""type"": 17, ""w"": 26.0}]",r_associated,28.0
boule,petit,amod,ADJ,0.5510615706443787,[],,
réfrigérateur,boîte,nmod,NOUN,0.4687631726264953,[],,
boîte,hermétique,amod,ADJ,0.4226747453212738,"[{""id"": 31820784, ""node1"": 7575, ""node2"": 11509, ""type"": 17, ""w"": 53.0}]",r_carac,53.0
