head,lemma,dep,pos,sim,relation,relation_name,w
titre,coquille,nmod,NOUN,0.4319241344928741,[],,
grain,orge,nmod,NOUN,0.5239608883857727,"[{""id"": 258958, ""node1"": 57895, ""node2"": 54538, ""type"": 0, ""w"": 80.0}, {""id"": 2309198, ""node1"": 57895, ""node2"": 54538, ""type"": 6, ""w"": 1.0}, {""id"": 13094050, ""node1"": 57895, ""node2"": 54538, ""type"": 11, ""w"": 51.0}]",r_associated,80.0
orge,ingrédient,nmod,NOUN,0.538431704044342,[],,
coquille,sel,appos,NOUN,0.6837014555931091,[],,
sel,poivre,amod,NOUN,0.6705341935157776,"[{""id"": 125169, ""node1"": 13260, ""node2"": 139597, ""type"": 0, ""w"": 495.0}, {""id"": 1029365119, ""node1"": 13260, ""node2"": 139597, ""type"": 67, ""w"": 28.0}, {""id"": 74985058, ""node1"": 13260, ""node2"": 139597, ""type"": 75, ""w"": 160.0}, {""id"": 1032956770, ""node1"": 13260, ""node2"": 139597, ""type"": 78, ""w"": 39.0}, {""id"": 652227840, ""node1"": 13260, ""node2"": 139597, ""type"": 666, ""w"": 2.0}]",r_associated,495.0
poivre,muscade,nmod,NOUN,0.6142682433128357,"[{""id"": 920103858, ""node1"": 139597, ""node2"": 115297, ""type"": 0, ""w"": 21.0}]",r_associated,21.0
coquille,sucre,nmod,NOUN,0.6881125569343567,"[{""id"": 52006, ""node1"": 0, ""node2"": 0, ""type"": 0, ""w"": 0.0}]",r_associated,0.0
sucre,beurre,nmod,NOUN,0.6973879933357239,"[{""id"": 52007, ""node1"": 0, ""node2"": 0, ""type"": 0, ""w"": 0.0}]",r_associated,0.0
sucre,coquille,nmod,NOUN,0.6881125569343567,[],,
cuillère,bois,nmod,NOUN,0.5910300612449646,"[{""id"": 423608378, ""node1"": 51905, ""node2"": 96256, ""type"": 0, ""w"": 41.0}, {""id"": 1977342, ""node1"": 51905, ""node2"": 96256, ""type"": 50, ""w"": 27.0}, {""id"": 3906289, ""node1"": 51905, ""node2"": 96256, ""type"": 777, ""w"": 9.0}]",r_associated,41.0
cuillère,balance,appos,NOUN,0.5329062342643738,[],,
balance,cuisine,nmod,NOUN,0.5991910099983215,[],,
balance,assiette,nmod,NOUN,0.5656145215034485,"[{""id"": 52012, ""node1"": 0, ""node2"": 0, ""type"": 67, ""w"": 0.0}]",r_similar,0.0
assiette,étape,nmod,NOUN,0.483820229768753,[],,
noix,beurre,nmod,NOUN,0.6414071917533875,"[{""id"": 96697959, ""node1"": 30910, ""node2"": 140377, ""type"": 0, ""w"": 22.0}]",r_associated,22.0
coquille,minute,nmod,NOUN,0.4741919338703155,[],,
centre,assiette,nmod,NOUN,0.5551996231079102,"[{""id"": 52016, ""node1"": 0, ""node2"": 0, ""type"": 8, ""w"": 0.0}]",r_hypo,0.0
présentation,disposer,acl,VERB,0.4119701683521271,[],,
disposer,coquille,obj,NOUN,0.4974818229675293,[],,
