head,lemma,dep,pos,sim,relation,relation_name,w
titre,ganache,nmod,NOUN,0.4978868067264557,[],,
ganache,chocolat,nmod,NOUN,0.5484910607337952,"[{""id"": 1562592, ""node1"": 87862, ""node2"": 34157, ""type"": 0, ""w"": 186.0}, {""id"": 31181481, ""node1"": 87862, ""node2"": 34157, ""type"": 3, ""w"": 29.0}, {""id"": 984642982, ""node1"": 87862, ""node2"": 34157, ""type"": 666, ""w"": 3.0}]",r_associated,186.0
titre,recette,nmod,NOUN,0.5284786224365234,[],,
recette,facile,amod,ADJ,0.5651895999908447,"[{""id"": 561332937, ""node1"": 120188, ""node2"": 76826, ""type"": 0, ""w"": 34.0}, {""id"": 98281070, ""node1"": 120188, ""node2"": 76826, ""type"": 17, ""w"": 27.0}]",r_associated,34.0
titre,ingrédient,nmod,NOUN,0.4716755747795105,[],,
ingrédient,chocolat,nmod,NOUN,0.6857289671897888,[],,
ingrédient,beurre,amod,NOUN,0.7321043014526367,"[{""id"": 2293218, ""node1"": 123418, ""node2"": 140377, ""type"": 0, ""w"": 69.0}, {""id"": 9665896, ""node1"": 123418, ""node2"": 140377, ""type"": 8, ""w"": 54.0}, {""id"": 15173690, ""node1"": 123418, ""node2"": 140377, ""type"": 27, ""w"": -24.0}]",r_associated,69.0
ingrédient,sucre,appos,NOUN,0.7083083987236023,"[{""id"": 2293217, ""node1"": 123418, ""node2"": 139481, ""type"": 0, ""w"": 70.0}, {""id"": 584064239, ""node1"": 123418, ""node2"": 139481, ""type"": 6, ""w"": -5.0}, {""id"": 9621636, ""node1"": 123418, ""node2"": 139481, ""type"": 8, ""w"": 27.0}, {""id"": 15173636, ""node1"": 123418, ""node2"": 139481, ""type"": 27, ""w"": 30.0}]",r_associated,70.0
sucre,crème,nmod,NOUN,0.7060490250587463,"[{""id"": 915278756, ""node1"": 139481, ""node2"": 44001, ""type"": 0, ""w"": 22.0}]",r_associated,22.0
crème,frais,amod,ADJ,0.5796430110931396,"[{""id"": 52009, ""node1"": 0, ""node2"": 0, ""type"": 0, ""w"": 0.0}]",r_associated,0.0
crème,épais,amod,ADJ,0.5873329043388367,"[{""id"": 52010, ""node1"": 0, ""node2"": 0, ""type"": 17, ""w"": 0.0}]",r_carac,0.0
casserole,cuillère,nmod,NOUN,0.6258264183998108,"[{""id"": 922009782, ""node1"": 57253, ""node2"": 51905, ""type"": 0, ""w"": 20.0}, {""id"": 596712176, ""node1"": 57253, ""node2"": 51905, ""type"": 16, ""w"": -25.0}]",r_associated,20.0
cuillère,bois,nmod,NOUN,0.5910300612449646,"[{""id"": 423608378, ""node1"": 51905, ""node2"": 96256, ""type"": 0, ""w"": 41.0}, {""id"": 1977342, ""node1"": 51905, ""node2"": 96256, ""type"": 50, ""w"": 27.0}, {""id"": 3906289, ""node1"": 51905, ""node2"": 96256, ""type"": 777, ""w"": 9.0}]",r_associated,41.0
cuillère,balance,nmod,NOUN,0.5329062342643738,[],,
balance,cuisine,nmod,NOUN,0.5991910099983215,"[{""id"": 52014, ""node1"": 0, ""node2"": 0, ""type"": 17, ""w"": 0.0}]",r_carac,0.0
balance,étape,nmod,NOUN,0.4149083495140075,[],,
chauffer,crème,obj,NOUN,0.6699466705322266,"[{""id"": 52016, ""node1"": 0, ""node2"": 0, ""type"": 6, ""w"": 0.0}]",r_isa,0.0
crème,beurre,nmod,NOUN,0.6757769584655762,"[{""id"": 405906, ""node1"": 44001, ""node2"": 140377, ""type"": 0, ""w"": 73.0}, {""id"": 9980280, ""node1"": 44001, ""node2"": 140377, ""type"": 10, ""w"": 4.0}, {""id"": 1836384, ""node1"": 44001, ""node2"": 140377, ""type"": 21, ""w"": 60.0}, {""id"": 306776452, ""node1"": 44001, ""node2"": 140377, ""type"": 666, ""w"": 2.0}]",r_associated,73.0
crème,ébullition,nmod,NOUN,0.6244796514511108,"[{""id"": 52018, ""node1"": 0, ""node2"": 0, ""type"": 16, ""w"": 0.0}]",r_instr,0.0
mélanger,obtenir,advcl,VERB,0.4532898962497711,[],,
obtenir,préparation,obj,NOUN,0.4284567236900329,[],,
préparation,homogène,amod,ADJ,0.4661692380905151,[],,
ajouter,chocolat,obj,NOUN,0.6055095791816711,"[{""id"": 52022, ""node1"": 0, ""node2"": 0, ""type"": 0, ""w"": 0.0}]",r_associated,0.0
obtention,crème,nmod,NOUN,0.5852559208869934,"[{""id"": 52023, ""node1"": 0, ""node2"": 0, ""type"": 53, ""w"": 0.0}]",r_make,0.0
crème,lisse,amod,ADJ,0.5620712637901306,"[{""id"": 52024, ""node1"": 0, ""node2"": 0, ""type"": 8, ""w"": 0.0}]",r_hypo,0.0
