head,lemma,dep,pos,sim,relation,relation_name,w
recette,algérien,amod,ADJ,0.5645161271095276,[],,
lait,oeuf,nmod,NOUN,0.590930700302124,"[{""id"": 920038083, ""node1"": 86296, ""node2"": 116175, ""type"": 0, ""w"": 21.0}, {""id"": 385498014, ""node1"": 86296, ""node2"": 116175, ""type"": 8, ""w"": -25.0}]",r_associated,21.0
titre,mixeur,nmod,NOUN,0.515876829624176,[],,
mixeur,four,nmod,NOUN,0.6762216091156006,"[{""id"": 52003, ""node1"": 0, ""node2"": 0, ""type"": 1, ""w"": 0.0}]",r_raff_sem,0.0
four,étape,nmod,NOUN,0.6555838584899902,"[{""id"": 52004, ""node1"": 0, ""node2"": 0, ""type"": 8, ""w"": 0.0}]",r_hypo,0.0
ingrédient,tout,amod,ADJ,0.580045223236084,[],,
ingrédient,ensemble,amod,NOUN,0.5373786091804504,[],,
heure,tout,amod,ADJ,0.4477578103542328,[],,
mixer,heure,obj,NOUN,0.5348860025405884,[],,
four,degré,nmod,NOUN,0.6147381663322449,"[{""id"": 107015150, ""node1"": 9190, ""node2"": 121359, ""type"": 0, ""w"": 38.0}]",r_associated,38.0
four,c,nmod,NOUN,0.4225132167339325,[],,
thermostat,minute,nmod,NOUN,0.4935579299926758,[],,
