head,lemma,dep,pos,sim,relation,relation_name,w
titre,gâteau,nmod,NOUN,0.5333040952682495,[],,
gâteau,compote,nmod,NOUN,0.6549666523933411,[],,
compote,ingrédient,nmod,NOUN,0.6873100996017456,"[{""id"": 52002, ""node1"": 0, ""node2"": 0, ""type"": 0, ""w"": 0.0}]",r_associated,0.0
compote,levure,nmod,NOUN,0.6292203664779663,"[{""id"": 52003, ""node1"": 0, ""node2"": 0, ""type"": 8, ""w"": 0.0}]",r_hypo,0.0
levure,chimique,amod,ADJ,0.5426356792449951,"[{""id"": 1768889, ""node1"": 53450, ""node2"": 123153, ""type"": 666, ""w"": 2.0}]",r_aki,2.0
gâteau,sucre,acl,NOUN,0.6945579051971436,"[{""id"": 136472, ""node1"": 2149, ""node2"": 139481, ""type"": 0, ""w"": 79.0}, {""id"": 34660586, ""node1"": 2149, ""node2"": 139481, ""type"": 8, ""w"": -36.0}, {""id"": 1707132, ""node1"": 2149, ""node2"": 139481, ""type"": 9, ""w"": 34.0}, {""id"": 264027, ""node1"": 2149, ""node2"": 139481, ""type"": 28, ""w"": 128.0}, {""id"": 1609354, ""node1"": 2149, ""node2"": 139481, ""type"": 41, ""w"": -140.0}, {""id"": 2178054, ""node1"": 2149, ""node2"": 139481, ""type"": 50, ""w"": 72.0}, {""id"": 1035329576, ""node1"": 2149, ""node2"": 139481, ""type"": 129, ""w"": 30.0}, {""id"": 1821770, ""node1"": 2149, ""node2"": 139481, ""type"": 666, ""w"": 6.0}]",r_lieu-1,128.0
sucre,farine,nmod,NOUN,0.699601411819458,"[{""id"": 558788619, ""node1"": 139481, ""node2"": 127629, ""type"": 0, ""w"": 47.0}]",r_associated,47.0
sucre,beurre,acl,NOUN,0.6973879933357239,[],,
beurre,compote,nmod,NOUN,0.7102558016777039,"[{""id"": 52008, ""node1"": 0, ""node2"": 0, ""type"": 17, ""w"": 0.0}]",r_carac,0.0
gâteau,grille,nmod,NOUN,0.6220863461494446,"[{""id"": 52009, ""node1"": 0, ""node2"": 0, ""type"": 6, ""w"": 0.0}]",r_isa,0.0
grille,pâtisserie,nmod,NOUN,0.5746439099311829,"[{""id"": 52010, ""node1"": 0, ""node2"": 0, ""type"": 0, ""w"": 0.0}]",r_associated,0.0
pâtisserie,moule,nmod,NOUN,0.56337571144104,"[{""id"": 601493745, ""node1"": 25966, ""node2"": 143723, ""type"": 0, ""w"": 24.0}, {""id"": 3393675, ""node1"": 25966, ""node2"": 143723, ""type"": 777, ""w"": 8.0}]",r_associated,24.0
grille,manquer,acl,VERB,0.4866251647472381,[],,
manquer,four,obj,NOUN,0.6675082445144653,"[{""id"": 52013, ""node1"": 0, ""node2"": 0, ""type"": 0, ""w"": 0.0}]",r_associated,0.0
four,cuillère,nmod,NOUN,0.7153509855270386,[],,
cuillère,bois,nmod,NOUN,0.5910300612449646,"[{""id"": 423608378, ""node1"": 51905, ""node2"": 96256, ""type"": 0, ""w"": 41.0}, {""id"": 1977342, ""node1"": 51905, ""node2"": 96256, ""type"": 50, ""w"": 27.0}, {""id"": 3906289, ""node1"": 51905, ""node2"": 96256, ""type"": 777, ""w"": 9.0}]",r_associated,41.0
casserole,balance,obj,NOUN,0.5916885137557983,[],,
balance,cuisine,nmod,NOUN,0.5991910099983215,[],,
balance,étape,nmod,NOUN,0.4149083495140075,[],,
four,210,nmod,NUM,0.4737946689128876,[],,
four,degré,nmod,NOUN,0.6147381663322449,"[{""id"": 107015150, ""node1"": 9190, ""node2"": 121359, ""type"": 0, ""w"": 38.0}]",r_associated,38.0
four,c,nmod,NOUN,0.4225132167339325,[],,
fondre,beurre,obj,NOUN,0.643409252166748,"[{""id"": 24768980, ""node1"": 16480, ""node2"": 140377, ""type"": 13, ""w"": 35.0}, {""id"": 15086091, ""node1"": 16480, ""node2"": 140377, ""type"": 14, ""w"": 30.0}]",r_agent,35.0
ajouter,reste,obj,NOUN,0.454963743686676,[],,
reste,ingrédient,nmod,NOUN,0.5645049810409546,"[{""id"": 52024, ""node1"": 0, ""node2"": 0, ""type"": 15, ""w"": 0.0}]",r_lieu,0.0
moule,silicone,nmod,NOUN,0.5047308802604675,"[{""id"": 99104506, ""node1"": 143723, ""node2"": 132543, ""type"": 50, ""w"": 28.0}, {""id"": 770339472, ""node1"": 143723, ""node2"": 132543, ""type"": 666, ""w"": 3.0}]",r_object>mater,28.0
cuire,min,obj,NOUN,0.5212259888648987,[],,
surveiller,cuisson,obj,NOUN,0.6946427226066589,"[{""id"": 1007853514, ""node1"": 39170, ""node2"": 60056, ""type"": 14, ""w"": 31.0}]",r_patient,31.0
cuisson,pouvoir,acl:relcl,VERB,0.6840066313743591,[],,
