head,lemma,dep,pos,sim,relation,relation_name,w
titre,gâteau,nmod,NOUN,0.5333040952682495,[],,
gâteau,chocolat,nmod,NOUN,0.6288784742355347,"[{""id"": 131041, ""node1"": 2149, ""node2"": 34157, ""type"": 0, ""w"": 264.0}, {""id"": 376998760, ""node1"": 2149, ""node2"": 34157, ""type"": 21, ""w"": 28.0}, {""id"": 264026, ""node1"": 2149, ""node2"": 34157, ""type"": 28, ""w"": 198.0}, {""id"": 14674477, ""node1"": 2149, ""node2"": 34157, ""type"": 42, ""w"": 29.0}, {""id"": 1762443, ""node1"": 2149, ""node2"": 34157, ""type"": 50, ""w"": 38.0}, {""id"": 1762442, ""node1"": 2149, ""node2"": 34157, ""type"": 666, ""w"": 4.0}]",r_associated,264.0
framboise,ingrédient,nmod,NOUN,0.6322843432426453,[],,
framboise,sucre,acl,NOUN,0.6532086133956909,"[{""id"": 52003, ""node1"": 0, ""node2"": 0, ""type"": 0, ""w"": 0.0}]",r_associated,0.0
sucre,semoule,amod,NOUN,0.6967501044273376,"[{""id"": 277256, ""node1"": 139481, ""node2"": 64778, ""type"": 17, ""w"": -94.0}, {""id"": 639101518, ""node1"": 139481, ""node2"": 64778, ""type"": 141, ""w"": 25.0}]",r_carac_nominale,25.0
farine,beurre,appos,NOUN,0.7180377840995789,"[{""id"": 423997331, ""node1"": 127629, ""node2"": 140377, ""type"": 0, ""w"": 3.0}]",r_associated,3.0
beurre,chocolat,nmod,NOUN,0.6671400666236877,"[{""id"": 500926026, ""node1"": 140377, ""node2"": 34157, ""type"": 0, ""w"": 3.0}]",r_associated,3.0
farine,pâtissier,amod,ADJ,0.662048876285553,"[{""id"": 52007, ""node1"": 0, ""node2"": 0, ""type"": 8, ""w"": 0.0}]",r_hypo,0.0
sucre,framboise,amod,ADJ,0.6532086133956909,"[{""id"": 52008, ""node1"": 0, ""node2"": 0, ""type"": 17, ""w"": 0.0}]",r_carac,0.0
framboise,mousse,amod,NOUN,0.5081372857093811,"[{""id"": 914494225, ""node1"": 12402, ""node2"": 134158, ""type"": 0, ""w"": 22.0}]",r_associated,22.0
framboise,chocolat,nmod,NOUN,0.5704373121261597,[],,
sucre,oeuf,nmod,NOUN,0.6437758803367615,"[{""id"": 376049526, ""node1"": 139481, ""node2"": 116175, ""type"": 51, ""w"": 41.0}]",r_mater>object,41.0
sucre,coulis,nmod,NOUN,0.6749725341796875,"[{""id"": 796694969, ""node1"": 139481, ""node2"": 10401, ""type"": 0, ""w"": 26.0}]",r_associated,26.0
coulis,framboise,nmod,NOUN,0.5548997521400452,"[{""id"": 52013, ""node1"": 0, ""node2"": 0, ""type"": 0, ""w"": 0.0}]",r_associated,0.0
sucre,four,nmod,NOUN,0.7770997881889343,"[{""id"": 52014, ""node1"": 0, ""node2"": 0, ""type"": 6, ""w"": 0.0}]",r_isa,0.0
four,grille,nmod,NOUN,0.6606125235557556,"[{""id"": 9977202, ""node1"": 9190, ""node2"": 563, ""type"": 0, ""w"": 4.0}, {""id"": 115472, ""node1"": 9190, ""node2"": 563, ""type"": 9, ""w"": 160.0}, {""id"": 2290222, ""node1"": 9190, ""node2"": 563, ""type"": 28, ""w"": 79.0}]",r_has_part,160.0
grille,pâtisserie,nmod,NOUN,0.5746439099311829,[],,
pâtisserie,moule,nmod,NOUN,0.56337571144104,"[{""id"": 601493745, ""node1"": 25966, ""node2"": 143723, ""type"": 0, ""w"": 24.0}, {""id"": 3393675, ""node1"": 25966, ""node2"": 143723, ""type"": 777, ""w"": 8.0}]",r_associated,24.0
grille,manquer,acl,VERB,0.4866251647472381,[],,
manquer,micro-onde,obj,NOUN,0.5180913209915161,[],,
micro-onde,saladier,nmod,NOUN,0.6247562766075134,"[{""id"": 52020, ""node1"": 0, ""node2"": 0, ""type"": 6, ""w"": 0.0}]",r_isa,0.0
saladier,fouet,nmod,NOUN,0.5588916540145874,[],,
fouet,cuisine,nmod,NOUN,0.6215970516204834,"[{""id"": 2421862, ""node1"": 73888, ""node2"": 16033, ""type"": 0, ""w"": 305.0}, {""id"": 452879, ""node1"": 73888, ""node2"": 16033, ""type"": 3, ""w"": 265.0}, {""id"": 72783259, ""node1"": 73888, ""node2"": 16033, ""type"": 15, ""w"": 38.0}, {""id"": 1019771975, ""node1"": 73888, ""node2"": 16033, ""type"": 17, ""w"": -5.0}]",r_associated,305.0
grille,mixeur,nmod,NOUN,0.5897692441940308,[],,
mixeur,balance,nmod,NOUN,0.5409628748893738,[],,
balance,cuisine,nmod,NOUN,0.5991910099983215,[],,
sucre,étape,nmod,NOUN,0.6472875475883484,[],,
fondre,beurre,obj,NOUN,0.643409252166748,"[{""id"": 24768980, ""node1"": 16480, ""node2"": 140377, ""type"": 13, ""w"": 35.0}, {""id"": 15086091, ""node1"": 16480, ""node2"": 140377, ""type"": 14, ""w"": 30.0}]",r_agent,35.0
morceau,chocolat,nmod,NOUN,0.6455868482589722,"[{""id"": 376998374, ""node1"": 65364, ""node2"": 34157, ""type"": 21, ""w"": 32.0}, {""id"": 980923935, ""node1"": 65364, ""node2"": 34157, ""type"": 666, ""w"": 3.0}]",r_has_antimagn,32.0
marier,minute,nsubj,NOUN,0.4654219448566437,[],,
minute,bain,nmod,NOUN,0.5264027714729309,[],,
mettre,marier,acl:relcl,VERB,0.4280493259429931,[],,
marier,mélanger,advcl,VERB,0.4668291509151459,"[{""id"": 927354, ""node1"": 14320, ""node2"": 37151, ""type"": 0, ""w"": 27.0}, {""id"": 53610006, ""node1"": 14320, ""node2"": 37151, ""type"": 5, ""w"": 165.0}, {""id"": 213486552, ""node1"": 14320, ""node2"": 37151, ""type"": 57, ""w"": 34.0}]",r_syn,165.0
mettre,minute,obj,NOUN,0.4575984179973602,[],,
minute,micro-onde,nmod,NOUN,0.516563355922699,[],,
sucre,mixeur,nmod,NOUN,0.6836506724357605,"[{""id"": 52035, ""node1"": 0, ""node2"": 0, ""type"": 1, ""w"": 0.0}]",r_raff_sem,0.0
incorporer,chocolat,obj,NOUN,0.6183633804321289,[],,
beurre,fondre,acl,VERB,0.643409252166748,"[{""id"": 652231036, ""node1"": 140377, ""node2"": 16480, ""type"": 0, ""w"": 21.0}, {""id"": 24771033, ""node1"": 140377, ""node2"": 16480, ""type"": 24, ""w"": 137.0}, {""id"": 1886772, ""node1"": 140377, ""node2"": 16480, ""type"": 26, ""w"": 33.0}]",r_agent-1,137.0
moule,haut,amod,ADJ,0.4619701206684112,[],,
cuire,préparation,obj,NOUN,0.7459017038345337,"[{""id"": 581182580, ""node1"": 5115, ""node2"": 33634, ""type"": 0, ""w"": 39.0}]",r_associated,39.0
préparation,four,nmod,NOUN,0.6953753232955933,"[{""id"": 253548832, ""node1"": 33634, ""node2"": 9190, ""type"": 15, ""w"": 4.0}]",r_lieu,4.0
couper,gâteau,obj,NOUN,0.5999524593353271,"[{""id"": 31770893, ""node1"": 128828, ""node2"": 2149, ""type"": 14, ""w"": 30.0}, {""id"": 376067703, ""node1"": 128828, ""node2"": 2149, ""type"": 31, ""w"": 35.0}]",r_action_lieu,35.0
sucre,glace,nmod,NOUN,0.651667594909668,"[{""id"": 134502, ""node1"": 139481, ""node2"": 141964, ""type"": 0, ""w"": 111.0}, {""id"": 144135, ""node1"": 139481, ""node2"": 141964, ""type"": 8, ""w"": -80.0}, {""id"": 186736, ""node1"": 139481, ""node2"": 141964, ""type"": 17, ""w"": -126.0}, {""id"": 639101499, ""node1"": 139481, ""node2"": 141964, ""type"": 141, ""w"": 25.0}, {""id"": 1763994, ""node1"": 139481, ""node2"": 141964, ""type"": 666, ""w"": 1.0}]",r_associated,111.0
gâteau,couche,nmod,NOUN,0.5936649441719055,"[{""id"": 52043, ""node1"": 0, ""node2"": 0, ""type"": 17, ""w"": 0.0}]",r_carac,0.0
couche,mousse,nmod,NOUN,0.4730832278728485,[],,
couche,chocolat,nmod,NOUN,0.575548529624939,"[{""id"": 52045, ""node1"": 0, ""node2"": 0, ""type"": 6, ""w"": 0.0}]",r_isa,0.0
framboise,facultatif,amod,ADJ,0.5237836837768555,[],,
