head,lemma,dep,pos,sim,relation,relation_name,w
titre,glace,nmod,NOUN,0.5293558239936829,[],,
glace,indien,amod,ADJ,0.5393736958503723,[],,
glace,ingrédient,nmod,NOUN,0.6449928283691406,[],,
glace,lait,nmod,NOUN,0.6265793442726135,"[{""id"": 1017994634, ""node1"": 141964, ""node2"": 86296, ""type"": 50, ""w"": 28.0}, {""id"": 112969235, ""node1"": 141964, ""node2"": 86296, ""type"": 777, ""w"": 10.0}]",r_object>mater,28.0
lait,concentré,acl,ADJ,0.5687405467033386,"[{""id"": 421005940, ""node1"": 86296, ""node2"": 120287, ""type"": 0, ""w"": 2.0}]",r_associated,2.0
eau,amande,nmod,NOUN,0.5849817395210266,"[{""id"": 52005, ""node1"": 0, ""node2"": 0, ""type"": 0, ""w"": 0.0}]",r_associated,0.0
amande,pistache,nmod,NOUN,0.530474841594696,"[{""id"": 797000372, ""node1"": 28557, ""node2"": 49145, ""type"": 0, ""w"": 21.0}, {""id"": 3857328, ""node1"": 28557, ""node2"": 49145, ""type"": 777, ""w"": 10.0}]",r_associated,21.0
essence,amande,nmod,NOUN,0.5086221098899841,[],,
amande,amer,amod,ADJ,0.4998033344745636,"[{""id"": 32026728, ""node1"": 28557, ""node2"": 97910, ""type"": 17, ""w"": 21.0}]",r_carac,21.0
amande,crème,appos,NOUN,0.5983988642692566,[],,
saladier,fouet,nmod,NOUN,0.5588916540145874,"[{""id"": 52010, ""node1"": 0, ""node2"": 0, ""type"": 8, ""w"": 0.0}]",r_hypo,0.0
fouet,cuisine,nmod,NOUN,0.6215970516204834,"[{""id"": 2421862, ""node1"": 73888, ""node2"": 16033, ""type"": 0, ""w"": 306.0}, {""id"": 452879, ""node1"": 73888, ""node2"": 16033, ""type"": 3, ""w"": 266.0}, {""id"": 72783259, ""node1"": 73888, ""node2"": 16033, ""type"": 15, ""w"": 38.0}, {""id"": 1019771975, ""node1"": 73888, ""node2"": 16033, ""type"": 17, ""w"": -5.0}]",r_associated,306.0
fouet,cuillère,nmod,NOUN,0.5491861701011658,[],,
cuillère,bois,nmod,NOUN,0.5910300612449646,"[{""id"": 423608378, ""node1"": 51905, ""node2"": 96256, ""type"": 0, ""w"": 41.0}, {""id"": 1977342, ""node1"": 51905, ""node2"": 96256, ""type"": 50, ""w"": 27.0}, {""id"": 3906289, ""node1"": 51905, ""node2"": 96256, ""type"": 777, ""w"": 9.0}]",r_associated,41.0
cuillère,étape,nmod,NOUN,0.4685819745063782,[],,
titre,mettre,acl,VERB,0.4057502150535583,[],,
ajouter,eau,obj,NOUN,0.5629687905311584,"[{""id"": 52016, ""node1"": 0, ""node2"": 0, ""type"": 17, ""w"": 0.0}]",r_carac,0.0
eau,chaud,amod,ADJ,0.6026924252510071,"[{""id"": 915041142, ""node1"": 65012, ""node2"": 19150, ""type"": 0, ""w"": 20.0}, {""id"": 432164, ""node1"": 65012, ""node2"": 19150, ""type"": 17, ""w"": 131.0}]",r_carac,131.0
ingrédient,tout,amod,ADJ,0.580045223236084,[],,
ingrédient,autre,amod,ADJ,0.5450181365013123,[],,
ajouter,ingrédient,obj,NOUN,0.5645265579223633,"[{""id"": 9084112, ""node1"": 25099, ""node2"": 123418, ""type"": 0, ""w"": 56.0}, {""id"": 428901945, ""node1"": 25099, ""node2"": 123418, ""type"": 14, ""w"": 100.0}, {""id"": 9084083, ""node1"": 25099, ""node2"": 123418, ""type"": 35, ""w"": 48.0}]",r_patient,100.0
ingrédient,mélanger,acl,VERB,0.6362285614013672,"[{""id"": 770758779, ""node1"": 123418, ""node2"": 37151, ""type"": 26, ""w"": 31.0}]",r_patient-1,31.0
ajouter,congeler,advcl,VERB,0.5281922221183777,[],,
