head,lemma,dep,pos,sim,relation,relation_name,w
crème,ingrédient,nmod,NOUN,0.6610228419303894,"[{""id"": 24850723, ""node1"": 44001, ""node2"": 123418, ""type"": 0, ""w"": 30.0}, {""id"": 24842105, ""node1"": 44001, ""node2"": 123418, ""type"": 6, ""w"": 143.0}]",r_isa,143.0
poivre,huile,amod,NOUN,0.6777899265289307,"[{""id"": 917898979, ""node1"": 139597, ""node2"": 141971, ""type"": 0, ""w"": 20.0}]",r_associated,20.0
poivre,bouillon,obj,NOUN,0.7096828818321228,[],,
bouillon,paprika,nmod,ADJ,0.6664683222770691,[],,
paprika,basilic,appos,NOUN,0.6091369390487671,[],,
saladier,balance,nmod,NOUN,0.5669676065444946,[],,
balance,cuisine,nmod,NOUN,0.5991910099983215,[],,
balance,étape,nmod,NOUN,0.4149083495140075,[],,
Coupez,viande,obj,NOUN,0.599207878112793,[],,
viande,morceau,nmod,NOUN,0.7157437205314636,"[{""id"": 796691557, ""node1"": 140100, ""node2"": 65364, ""type"": 0, ""w"": 29.0}]",r_associated,29.0
viande,coloré,amod,ADJ,0.7214592695236206,[],,
ajouter,oignon,obj,NOUN,0.585871696472168,[],,
oignon,couper,acl,VERB,0.596168577671051,"[{""id"": 900892185, ""node1"": 123307, ""node2"": 128828, ""type"": 0, ""w"": 20.0}, {""id"": 31770901, ""node1"": 123307, ""node2"": 128828, ""type"": 26, ""w"": 100.0}, {""id"": 1767208, ""node1"": 123307, ""node2"": 128828, ""type"": 666, ""w"": 2.0}]",r_patient-1,100.0
saler,remplir,advcl,VERB,0.5452244877815247,[],,
ajouter,paprika,obj,NOUN,0.5960863828659058,[],,
feu,petit,amod,ADJ,0.5734477639198303,"[{""id"": 2278793, ""node1"": 143703, ""node2"": 55222, ""type"": 17, ""w"": 30.0}]",r_carac,30.0
poivron,couper,acl,VERB,0.6246095895767212,"[{""id"": 1944126, ""node1"": 38257, ""node2"": 128828, ""type"": 26, ""w"": 30.0}]",r_patient-1,30.0
mélanger,crème,obj,NOUN,0.6372199058532715,"[{""id"": 31849058, ""node1"": 37151, ""node2"": 44001, ""type"": 14, ""w"": 51.0}]",r_patient,51.0
crème,farine,nmod,NOUN,0.693698525428772,"[{""id"": 601796011, ""node1"": 44001, ""node2"": 127629, ""type"": 0, ""w"": 23.0}]",r_associated,23.0
farine,sauce,appos,NOUN,0.7645275592803955,"[{""id"": 423997390, ""node1"": 127629, ""node2"": 141110, ""type"": 0, ""w"": 3.0}]",r_associated,3.0
faire,tour,obj,NOUN,0.4550777673721313,[],,
tour,cuisson,nmod,NOUN,0.6311294436454773,[],,
