head,lemma,dep,pos,sim,relation,relation_name,w
coulis,fraise,nmod,NOUN,0.5707610845565796,"[{""id"": 796855604, ""node1"": 10401, ""node2"": 16242, ""type"": 0, ""w"": 23.0}]",r_associated,23.0
sucre,fraise,nmod,NOUN,0.6523148417472839,"[{""id"": 561132474, ""node1"": 139481, ""node2"": 16242, ""type"": 0, ""w"": 52.0}]",r_associated,52.0
sucre,glace,nmod,NOUN,0.651667594909668,"[{""id"": 134502, ""node1"": 139481, ""node2"": 141964, ""type"": 0, ""w"": 111.0}, {""id"": 144135, ""node1"": 139481, ""node2"": 141964, ""type"": 8, ""w"": -80.0}, {""id"": 186736, ""node1"": 139481, ""node2"": 141964, ""type"": 17, ""w"": -126.0}, {""id"": 639101499, ""node1"": 139481, ""node2"": 141964, ""type"": 141, ""w"": 25.0}, {""id"": 1763994, ""node1"": 139481, ""node2"": 141964, ""type"": 666, ""w"": 1.0}]",r_associated,111.0
sucre,lait,nmod,NOUN,0.6437966823577881,[],,
sucre,chinois,nmod,ADJ,0.6435701251029968,"[{""id"": 52004, ""node1"": 0, ""node2"": 0, ""type"": 8, ""w"": 0.0}]",r_hypo,0.0
chinois,couteau,nmod,NOUN,0.5090504884719849,[],,
sucre,mixeur,nmod,NOUN,0.6836506724357605,"[{""id"": 52006, ""node1"": 0, ""node2"": 0, ""type"": 0, ""w"": 0.0}]",r_associated,0.0
mixeur,balance,nmod,NOUN,0.5409628748893738,[],,
balance,cuisine,nmod,NOUN,0.5991910099983215,"[{""id"": 52008, ""node1"": 0, ""node2"": 0, ""type"": 16, ""w"": 0.0}]",r_instr,0.0
balance,étape,nmod,NOUN,0.4149083495140075,[],,
sucre,couper,acl,VERB,0.6513863205909729,[],,
couper,fraise,obj,NOUN,0.5462130904197693,[],,
morceau,petit,amod,ADJ,0.542499840259552,"[{""id"": 558707704, ""node1"": 65364, ""node2"": 55222, ""type"": 0, ""w"": 27.0}]",r_associated,27.0
fraise,morceau,nmod,NOUN,0.5993856191635132,"[{""id"": 52013, ""node1"": 0, ""node2"": 0, ""type"": 17, ""w"": 0.0}]",r_carac,0.0
mettre,banane,obj,NOUN,0.5676435232162476,"[{""id"": 52014, ""node1"": 0, ""node2"": 0, ""type"": 6, ""w"": 0.0}]",r_isa,0.0
mettre,boule,obj,NOUN,0.5080997347831726,[],,
boule,glace,nmod,NOUN,0.5476489067077637,"[{""id"": 243451, ""node1"": 141883, ""node2"": 141964, ""type"": 0, ""w"": 101.0}, {""id"": 9903174, ""node1"": 141883, ""node2"": 141964, ""type"": 6, ""w"": 13.0}, {""id"": 4985394, ""node1"": 141883, ""node2"": 141964, ""type"": 9, ""w"": 5.0}, {""id"": 720819380, ""node1"": 141883, ""node2"": 141964, ""type"": 174, ""w"": 25.0}]",r_associated,101.0
mettre,fraise,obj,NOUN,0.5618593096733093,"[{""id"": 52017, ""node1"": 0, ""node2"": 0, ""type"": 53, ""w"": 0.0}]",r_make,0.0
fraise,fond,nmod,NOUN,0.5557813048362732,"[{""id"": 52018, ""node1"": 0, ""node2"": 0, ""type"": 53, ""w"": 0.0}]",r_make,0.0
réserver,frais,nmod,NOUN,0.4315350949764251,"[{""id"": 373014550, ""node1"": 7006, ""node2"": 53495, ""type"": 31, ""w"": 26.0}]",r_action_lieu,26.0
frais,heure,nmod,NOUN,0.4179821312427521,[],,
rajouter,morceau,obj,NOUN,0.5543175935745239,"[{""id"": 52021, ""node1"": 0, ""node2"": 0, ""type"": 10, ""w"": 0.0}]",r_holo,0.0
morceau,fraise,nmod,NOUN,0.5993856191635132,"[{""id"": 52022, ""node1"": 0, ""node2"": 0, ""type"": 53, ""w"": 0.0}]",r_make,0.0
