head,lemma,dep,pos,sim,relation,relation_name,w
pain,petit,amod,ADJ,0.6563963294029236,"[{""id"": 12987089, ""node1"": 61283, ""node2"": 55222, ""type"": 17, ""w"": 61.0}]",r_carac,61.0
titre,pain,nmod,NOUN,0.6112104654312134,[],,
pain,viande,nmod,NOUN,0.7309975624084473,"[{""id"": 52002, ""node1"": 0, ""node2"": 0, ""type"": 0, ""w"": 0.0}]",r_associated,0.0
pain,café,nmod,NOUN,0.6502794623374939,"[{""id"": 52003, ""node1"": 0, ""node2"": 0, ""type"": 8, ""w"": 0.0}]",r_hypo,0.0
titre,ingrédient,nmod,NOUN,0.4716755747795105,[],,
ingrédient,moutarde,appos,NOUN,0.6919505596160889,"[{""id"": 52005, ""node1"": 0, ""node2"": 0, ""type"": 75, ""w"": 0.0}]",r_accomp,0.0
ingrédient,viande,amod,NOUN,0.7726908326148987,"[{""id"": 29393020, ""node1"": 123418, ""node2"": 140100, ""type"": 0, ""w"": 22.0}, {""id"": 29383224, ""node1"": 123418, ""node2"": 140100, ""type"": 8, ""w"": 35.0}]",r_hypo,35.0
viande,haché,acl,ADJ,0.6638813018798828,[],,
ingrédient,échalote,acl,NOUN,0.6557566523551941,"[{""id"": 52008, ""node1"": 0, ""node2"": 0, ""type"": 17, ""w"": 0.0}]",r_carac,0.0
échalote,oeuf,nmod,NOUN,0.5807203650474548,"[{""id"": 52009, ""node1"": 0, ""node2"": 0, ""type"": 9, ""w"": 0.0}]",r_has_part,0.0
oeuf,pomme,nmod,NOUN,0.6084275841712952,"[{""id"": 52010, ""node1"": 0, ""node2"": 0, ""type"": 0, ""w"": 0.0}]",r_associated,0.0
échalote,pain,nmod,NOUN,0.7162109017372131,[],,
pain,ail,nmod,ADP,0.6871475577354431,"[{""id"": 52012, ""node1"": 0, ""node2"": 0, ""type"": 0, ""w"": 0.0}]",r_associated,0.0
matière,gras,amod,ADJ,0.5428515672683716,"[{""id"": 909483172, ""node1"": 29208, ""node2"": 56362, ""type"": 0, ""w"": 20.0}]",r_associated,20.0
matière,cassonade,nmod,NOUN,0.5979987382888794,"[{""id"": 52014, ""node1"": 0, ""node2"": 0, ""type"": 16, ""w"": 0.0}]",r_instr,0.0
cassonade,eau,nmod,NOUN,0.6178317666053772,"[{""id"": 52015, ""node1"": 0, ""node2"": 0, ""type"": 6, ""w"": 0.0}]",r_isa,0.0
café,citron,nmod,NOUN,0.617947518825531,[],,
four,bol,nmod,NOUN,0.6603272557258606,"[{""id"": 52017, ""node1"": 0, ""node2"": 0, ""type"": 0, ""w"": 0.0}]",r_associated,0.0
bol,moule,nmod,NOUN,0.5600082278251648,[],,
cake,saladier,nmod,NOUN,0.579090416431427,"[{""id"": 52019, ""node1"": 0, ""node2"": 0, ""type"": 10, ""w"": 0.0}]",r_holo,0.0
saladier,micro-onde,nmod,NOUN,0.6247562766075134,"[{""id"": 52020, ""node1"": 0, ""node2"": 0, ""type"": 8, ""w"": 0.0}]",r_hypo,0.0
saladier,fouet,nmod,NOUN,0.5588916540145874,"[{""id"": 52021, ""node1"": 0, ""node2"": 0, ""type"": 17, ""w"": 0.0}]",r_carac,0.0
fouet,cuisine,nmod,NOUN,0.6215970516204834,"[{""id"": 2421862, ""node1"": 73888, ""node2"": 16033, ""type"": 0, ""w"": 305.0}, {""id"": 452879, ""node1"": 73888, ""node2"": 16033, ""type"": 3, ""w"": 265.0}, {""id"": 72783259, ""node1"": 73888, ""node2"": 16033, ""type"": 15, ""w"": 38.0}, {""id"": 1019771975, ""node1"": 73888, ""node2"": 16033, ""type"": 17, ""w"": -5.0}]",r_associated,305.0
fouet,cuillère,nmod,NOUN,0.5491861701011658,[],,
cuillère,bois,nmod,NOUN,0.5910300612449646,"[{""id"": 423608378, ""node1"": 51905, ""node2"": 96256, ""type"": 0, ""w"": 41.0}, {""id"": 1977342, ""node1"": 51905, ""node2"": 96256, ""type"": 50, ""w"": 27.0}, {""id"": 3906289, ""node1"": 51905, ""node2"": 96256, ""type"": 777, ""w"": 9.0}]",r_associated,41.0
cuillère,balance,nmod,NOUN,0.5329062342643738,[],,
balance,cuisine,nmod,NOUN,0.5991910099983215,"[{""id"": 52026, ""node1"": 0, ""node2"": 0, ""type"": 8, ""w"": 0.0}]",r_hypo,0.0
balance,étape,nmod,NOUN,0.4149083495140075,[],,
ingrédient,tout,amod,ADJ,0.580045223236084,[],,
ingrédient,pain,nmod,NOUN,0.7018783092498779,"[{""id"": 15303725, ""node1"": 123418, ""node2"": 61283, ""type"": 0, ""w"": 26.0}, {""id"": 15173649, ""node1"": 123418, ""node2"": 61283, ""type"": 27, ""w"": -30.0}]",r_associated,26.0
bol,grand,amod,ADJ,0.516040563583374,[],,
ingrédient,bol,nmod,NOUN,0.5688884854316711,"[{""id"": 52031, ""node1"": 0, ""node2"": 0, ""type"": 67, ""w"": 0.0}]",r_similar,0.0
moule,petit,amod,ADJ,0.5535162091255188,"[{""id"": 52032, ""node1"": 0, ""node2"": 0, ""type"": 9, ""w"": 0.0}]",r_has_part,0.0
préparer,moule,obj,NOUN,0.5510844588279724,"[{""id"": 52033, ""node1"": 0, ""node2"": 0, ""type"": 67, ""w"": 0.0}]",r_similar,0.0
moule,cake,nmod,NOUN,0.5423397421836853,"[{""id"": 272916, ""node1"": 143723, ""node2"": 28945, ""type"": 0, ""w"": 60.0}, {""id"": 583219247, ""node1"": 143723, ""node2"": 28945, ""type"": 28, ""w"": 27.0}]",r_associated,60.0
préparer,déposer,advcl,VERB,0.4389718174934387,[],,
peu,petit,amod,ADJ,0.4567189812660217,"[{""id"": 14380759, ""node1"": 39409, ""node2"": 55222, ""type"": 0, ""w"": 54.0}]",r_associated,54.0
déposer,peu,obj,ADV,0.4566705226898193,[],,
matière,saler,amod,ADJ,0.6108881831169128,"[{""id"": 52038, ""node1"": 0, ""node2"": 0, ""type"": 53, ""w"": 0.0}]",r_make,0.0
saler,beurre,appos,NOUN,0.6906532645225525,[],,
beurre,saler,amod,ADJ,0.6906532645225525,"[{""id"": 52040, ""node1"": 0, ""node2"": 0, ""type"": 8, ""w"": 0.0}]",r_hypo,0.0
saler,moule,obj,NOUN,0.6493831276893616,"[{""id"": 52041, ""node1"": 0, ""node2"": 0, ""type"": 17, ""w"": 0.0}]",r_carac,0.0
aller,jus,nsubj,NOUN,0.5728708505630493,[],,
jus,cuisson,nmod,NOUN,0.6731067299842834,[],,
jus,sortant,nmod,NOUN,0.5494740605354309,[],,
saler,croûte,obj,NOUN,0.6602159738540649,"[{""id"": 52045, ""node1"": 0, ""node2"": 0, ""type"": 9, ""w"": 0.0}]",r_has_part,0.0
croûte,pain,nmod,NOUN,0.6802194714546204,"[{""id"": 1292136, ""node1"": 41851, ""node2"": 61283, ""type"": 0, ""w"": 219.0}, {""id"": 98282562, ""node1"": 41851, ""node2"": 61283, ""type"": 3, ""w"": 26.0}, {""id"": 9985754, ""node1"": 41851, ""node2"": 61283, ""type"": 10, ""w"": 49.0}, {""id"": 11358395, ""node1"": 41851, ""node2"": 61283, ""type"": 15, ""w"": 38.0}, {""id"": 1585932, ""node1"": 41851, ""node2"": 61283, ""type"": 35, ""w"": 161.0}, {""id"": 376051244, ""node1"": 41851, ""node2"": 61283, ""type"": 51, ""w"": 34.0}, {""id"": 979612029, ""node1"": 41851, ""node2"": 61283, ""type"": 666, ""w"": 3.0}]",r_associated,219.0
pain,intérieur,appos,NOUN,0.6529252529144287,"[{""id"": 52047, ""node1"": 0, ""node2"": 0, ""type"": 8, ""w"": 0.0}]",r_hypo,0.0
intérieur,pain,nmod,NOUN,0.6529252529144287,"[{""id"": 52048, ""node1"": 0, ""node2"": 0, ""type"": 0, ""w"": 0.0}]",r_associated,0.0
garde,centre,obj,NOUN,0.4106914699077606,[],,
centre,moelleux,amod,ADJ,0.4879068434238434,[],,
garde,souhait,advcl,NOUN,0.4042945504188537,[],,
rendre,croustillant,obj,ADJ,0.4505734145641327,[],,
obtenir,pain,obj,NOUN,0.6371052861213684,[],,
viande,individuel,amod,ADJ,0.7144877314567566,"[{""id"": 52054, ""node1"": 0, ""node2"": 0, ""type"": 53, ""w"": 0.0}]",r_make,0.0
viande,cuire,acl,VERB,0.8064185976982117,"[{""id"": 365344017, ""node1"": 140100, ""node2"": 5115, ""type"": 0, ""w"": 34.0}, {""id"": 14845361, ""node1"": 140100, ""node2"": 5115, ""type"": 24, ""w"": 100.0}, {""id"": 2194971, ""node1"": 140100, ""node2"": 5115, ""type"": 26, ""w"": 100.0}]",r_agent-1,100.0
déposer,mélange,obj,NOUN,0.5359852910041809,[],,
four,air,nmod,NOUN,0.5764895081520081,"[{""id"": 83647914, ""node1"": 9190, ""node2"": 146025, ""type"": 0, ""w"": 26.0}, {""id"": 4345678, ""node1"": 9190, ""node2"": 146025, ""type"": 777, ""w"": 10.0}]",r_associated,26.0
four,min,nmod,NOUN,0.5254760980606079,[],,
four,classique,amod,ADJ,0.6683322191238403,"[{""id"": 52059, ""node1"": 0, ""node2"": 0, ""type"": 17, ""w"": 0.0}]",r_carac,0.0
préparer,glaçage,obj,NOUN,0.5857370495796204,"[{""id"": 52060, ""node1"": 0, ""node2"": 0, ""type"": 67, ""w"": 0.0}]",r_similar,0.0
mélanger,ingrédient,obj,NOUN,0.6362285614013672,"[{""id"": 8839347, ""node1"": 37151, ""node2"": 123418, ""type"": 0, ""w"": 2.0}, {""id"": 775449836, ""node1"": 37151, ""node2"": 123418, ""type"": 14, ""w"": 31.0}]",r_patient,31.0
ingrédient,glaçage,nmod,NOUN,0.6291855573654175,[],,
bol,petit,amod,ADJ,0.5434224009513855,[],,
four,micro-ondes,nmod,ADV,0.6501899361610413,"[{""id"": 364530, ""node1"": 9190, ""node2"": 92541, ""type"": 0, ""w"": 61.0}, {""id"": 1029292990, ""node1"": 9190, ""node2"": 92541, ""type"": 67, ""w"": 27.0}, {""id"": 1032954530, ""node1"": 9190, ""node2"": 92541, ""type"": 78, ""w"": 31.0}]",r_associated,61.0
four,puissance,nmod,NOUN,0.6682365536689758,"[{""id"": 52065, ""node1"": 0, ""node2"": 0, ""type"": 8, ""w"": 0.0}]",r_hypo,0.0
matière,fondre,acl,VERB,0.5287796854972839,[],,
obtention,mélange,nmod,NOUN,0.4869552552700043,[],,
mélange,fluide,amod,ADJ,0.4754075407981872,[],,
agréable,goût,nsubj,NOUN,0.5296944975852966,"[{""id"": 1020120959, ""node1"": 17666, ""node2"": 119233, ""type"": 0, ""w"": 26.0}, {""id"": 514067995, ""node1"": 17666, ""node2"": 119233, ""type"": 23, ""w"": 3.0}, {""id"": 3861474, ""node1"": 17666, ""node2"": 119233, ""type"": 777, ""w"": 10.0}]",r_associated,26.0
devoir,glaçage,nsubj,NOUN,0.514758288860321,[],,
reste,chose,obj,NOUN,0.4731701016426086,[],,
fin,cuisson,nmod,NOUN,0.5646086931228638,[],,
aide,cuillère,nmod,NOUN,0.45757657289505,[],,
cuillère,soupe,acl,NOUN,0.6452588438987732,"[{""id"": 139567, ""node1"": 51905, ""node2"": 117152, ""type"": 0, ""w"": 288.0}, {""id"": 960354064, ""node1"": 51905, ""node2"": 117152, ""type"": 82, ""w"": 33.0}, {""id"": 1912589, ""node1"": 51905, ""node2"": 117152, ""type"": 666, ""w"": 6.0}]",r_associated,288.0
déposer,glaçage,obj,NOUN,0.5601323246955872,"[{""id"": 52075, ""node1"": 0, ""node2"": 0, ""type"": 8, ""w"": 0.0}]",r_hypo,0.0
dessus,pain,nmod,NOUN,0.6567698121070862,"[{""id"": 52076, ""node1"": 0, ""node2"": 0, ""type"": 0, ""w"": 0.0}]",r_associated,0.0
minute,four,nmod,NOUN,0.6574273109436035,"[{""id"": 52077, ""node1"": 0, ""node2"": 0, ""type"": 15, ""w"": 0.0}]",r_lieu,0.0
