head,lemma,dep,pos,sim,relation,relation_name,w
biscuit,petit,amod,ADJ,0.586295485496521,"[{""id"": 12304513, ""node1"": 62524, ""node2"": 55222, ""type"": 0, ""w"": 33.0}, {""id"": 566987, ""node1"": 62524, ""node2"": 55222, ""type"": 5, ""w"": 28.0}, {""id"": 1806455, ""node1"": 62524, ""node2"": 55222, ""type"": 17, ""w"": 60.0}, {""id"": 1785357, ""node1"": 62524, ""node2"": 55222, ""type"": 666, ""w"": 1.0}]",r_carac,60.0
titre,biscuit,nmod,NOUN,0.5244453549385071,[],,
biscuit,Noël,nmod,PROPN,0.4683285653591156,[],,
titre,ingrédient,nmod,NOUN,0.4716755747795105,[],,
ingrédient,levure,appos,NOUN,0.6170762777328491,[],,
levure,sucre,acl,NOUN,0.6511401534080505,"[{""id"": 52005, ""node1"": 0, ""node2"": 0, ""type"": 0, ""w"": 0.0}]",r_associated,0.0
sucre,beurre,nmod,NOUN,0.6973879933357239,[],,
sucre,tendre,amod,ADJ,0.6686802506446838,"[{""id"": 52007, ""node1"": 0, ""node2"": 0, ""type"": 8, ""w"": 0.0}]",r_hypo,0.0
tendre,amande,obj,NOUN,0.5420893430709839,[],,
amande,oeuf,nmod,NOUN,0.5567412972450256,"[{""id"": 52009, ""node1"": 0, ""node2"": 0, ""type"": 17, ""w"": 0.0}]",r_carac,0.0
oeuf,muscade,nmod,NOUN,0.5917715430259705,"[{""id"": 52010, ""node1"": 0, ""node2"": 0, ""type"": 9, ""w"": 0.0}]",r_has_part,0.0
gingembre,cannelle,amod,ADJ,0.6362367868423462,"[{""id"": 52011, ""node1"": 0, ""node2"": 0, ""type"": 9, ""w"": 0.0}]",r_has_part,0.0
gingembre,citron,nmod,NOUN,0.6101461052894592,"[{""id"": 52012, ""node1"": 0, ""node2"": 0, ""type"": 6, ""w"": 0.0}]",r_isa,0.0
citron,jaune,nmod,ADJ,0.5651170015335083,"[{""id"": 264985, ""node1"": 15386, ""node2"": 86711, ""type"": 0, ""w"": 248.0}, {""id"": 578986, ""node1"": 15386, ""node2"": 86711, ""type"": 5, ""w"": 80.0}, {""id"": 421354, ""node1"": 15386, ""node2"": 86711, ""type"": 6, ""w"": 178.0}, {""id"": 1773942, ""node1"": 15386, ""node2"": 86711, ""type"": 17, ""w"": 343.0}, {""id"": 14796143, ""node1"": 15386, ""node2"": 86711, ""type"": 23, ""w"": 27.0}, {""id"": 3160495, ""node1"": 15386, ""node2"": 86711, ""type"": 35, ""w"": 60.0}, {""id"": 3154159, ""node1"": 15386, ""node2"": 86711, ""type"": 106, ""w"": 86.0}, {""id"": 1522261, ""node1"": 15386, ""node2"": 86711, ""type"": 666, ""w"": 14.0}]",r_carac,343.0
jaune,oeuf,nmod,NOUN,0.5280547142028809,"[{""id"": 104631, ""node1"": 86711, ""node2"": 116175, ""type"": 0, ""w"": 598.0}, {""id"": 31299418, ""node1"": 86711, ""node2"": 116175, ""type"": 3, ""w"": 29.0}, {""id"": 2350883, ""node1"": 86711, ""node2"": 116175, ""type"": 10, ""w"": 109.0}, {""id"": 131637, ""node1"": 86711, ""node2"": 116175, ""type"": 15, ""w"": 118.0}, {""id"": 120267, ""node1"": 86711, ""node2"": 116175, ""type"": 23, ""w"": 300.0}, {""id"": 2254559, ""node1"": 86711, ""node2"": 116175, ""type"": 54, ""w"": 58.0}]",r_associated,598.0
pièce,Noël,nmod,PROPN,0.4396594166755676,[],,
Noël,grille,nmod,NOUN,0.4526296257972717,[],,
grille,pâtisserie,nmod,NOUN,0.5746439099311829,[],,
pâtisserie,cuillère,nmod,NOUN,0.624411404132843,"[{""id"": 922009701, ""node1"": 25966, ""node2"": 51905, ""type"": 0, ""w"": 20.0}]",r_associated,20.0
cuillère,bois,nmod,NOUN,0.5910300612449646,"[{""id"": 423608378, ""node1"": 51905, ""node2"": 96256, ""type"": 0, ""w"": 41.0}, {""id"": 1977342, ""node1"": 51905, ""node2"": 96256, ""type"": 50, ""w"": 27.0}, {""id"": 3906289, ""node1"": 51905, ""node2"": 96256, ""type"": 777, ""w"": 9.0}]",r_associated,41.0
cuillère,four,nmod,NOUN,0.7153509855270386,"[{""id"": 52020, ""node1"": 0, ""node2"": 0, ""type"": 6, ""w"": 0.0}]",r_isa,0.0
four,fourchette,nmod,NOUN,0.6831614375114441,"[{""id"": 52021, ""node1"": 0, ""node2"": 0, ""type"": 16, ""w"": 0.0}]",r_instr,0.0
fourchette,couteau,nmod,NOUN,0.5338557958602905,"[{""id"": 121001, ""node1"": 134670, ""node2"": 32610, ""type"": 0, ""w"": 693.0}, {""id"": 1046575972, ""node1"": 134670, ""node2"": 32610, ""type"": 8, ""w"": 20.0}, {""id"": 765213572, ""node1"": 134670, ""node2"": 32610, ""type"": 75, ""w"": 36.0}, {""id"": 1032954974, ""node1"": 134670, ""node2"": 32610, ""type"": 78, ""w"": 30.0}, {""id"": 1796483, ""node1"": 134670, ""node2"": 32610, ""type"": 666, ""w"": 2.0}]",r_associated,693.0
four,rouleau,nmod,NOUN,0.6460071802139282,[],,
cuillère,pâtisserie,nmod,NOUN,0.624411404132843,"[{""id"": 662505395, ""node1"": 51905, ""node2"": 25966, ""type"": 0, ""w"": 33.0}]",r_associated,33.0
cuillère,top,nmod,NOUN,0.4335919320583343,[],,
papier,meilleur,amod,ADJ,0.4798659384250641,[],,
top,papier,nmod,NOUN,0.4000419974327087,[],,
découper,balance,obj,NOUN,0.4950466752052307,[],,
balance,cuisine,nmod,NOUN,0.5991910099983215,[],,
table,induction,amod,NOUN,0.5181390047073364,[],,
poudre,amande,nmod,NOUN,0.5705900192260742,"[{""id"": 52031, ""node1"": 0, ""node2"": 0, ""type"": 0, ""w"": 0.0}]",r_associated,0.0
ajouter,beurre,obj,NOUN,0.658586859703064,"[{""id"": 373014956, ""node1"": 25099, ""node2"": 140377, ""type"": 14, ""w"": 31.0}]",r_patient,31.0
choix,épice,nmod,NOUN,0.6133472323417664,"[{""id"": 52033, ""node1"": 0, ""node2"": 0, ""type"": 8, ""w"": 0.0}]",r_hypo,0.0
cannelle,orange,nmod,NOUN,0.5729243755340576,"[{""id"": 306711690, ""node1"": 112959, ""node2"": 145382, ""type"": 777, ""w"": 10.0}]",r_wiki,10.0
coupe,boule,obj,NOUN,0.4907149970531463,[],,
faire,assaisonnement,obj,NOUN,0.611805260181427,"[{""id"": 52036, ""node1"": 0, ""node2"": 0, ""type"": 8, ""w"": 0.0}]",r_hypo,0.0
assaisonnement,différent,amod,ADJ,0.5655418038368225,[],,
four,200,nmod,NUM,0.5053980350494385,[],,
four,degré,nmod,NOUN,0.6147381663322449,"[{""id"": 107015150, ""node1"": 9190, ""node2"": 121359, ""type"": 0, ""w"": 38.0}]",r_associated,38.0
four,c,nmod,NOUN,0.4225132167339325,[],,
pièce,sapin,appos,NOUN,0.4861194789409637,[],,
plaque,garni,amod,ADJ,0.5347998738288879,[],,
plaque,papier,nmod,NOUN,0.5394116640090942,[],,
peu,jaune,nmod,NOUN,0.4958899319171905,[],,
cannelle,biscuit,nmod,NOUN,0.6536256074905396,"[{""id"": 52045, ""node1"": 0, ""node2"": 0, ""type"": 17, ""w"": 0.0}]",r_carac,0.0
