head,lemma,dep,pos,sim,relation,relation_name,w
poivre,sel,nmod,NOUN,0.6705341935157776,"[{""id"": 12368540, ""node1"": 139597, ""node2"": 13260, ""type"": 0, ""w"": 52.0}, {""id"": 1074615768, ""node1"": 139597, ""node2"": 13260, ""type"": 6, ""w"": -25.0}, {""id"": 1046576040, ""node1"": 139597, ""node2"": 13260, ""type"": 8, ""w"": 20.0}, {""id"": 288425680, ""node1"": 139597, ""node2"": 13260, ""type"": 35, ""w"": 51.0}, {""id"": 770758757, ""node1"": 139597, ""node2"": 13260, ""type"": 75, ""w"": 27.0}]",r_associated,52.0
sel,persil,nmod,NOUN,0.6879991888999939,[],,
ingrédient,viande,nmod,NOUN,0.7726908326148987,"[{""id"": 29393020, ""node1"": 123418, ""node2"": 140100, ""type"": 0, ""w"": 22.0}, {""id"": 29383224, ""node1"": 123418, ""node2"": 140100, ""type"": 8, ""w"": 35.0}]",r_hypo,35.0
viande,haché,amod,ADJ,0.6638813018798828,"[{""id"": 52003, ""node1"": 0, ""node2"": 0, ""type"": 0, ""w"": 0.0}]",r_associated,0.0
oeuf,parmesan,amod,NOUN,0.5902929902076721,"[{""id"": 52004, ""node1"": 0, ""node2"": 0, ""type"": 10, ""w"": 0.0}]",r_holo,0.0
oeuf,jambon,nmod,NOUN,0.5943741798400879,"[{""id"": 920587244, ""node1"": 116175, ""node2"": 57980, ""type"": 0, ""w"": 20.0}]",r_associated,20.0
jambon,croire,acl,VERB,0.581739604473114,"[{""id"": 52006, ""node1"": 0, ""node2"": 0, ""type"": 0, ""w"": 0.0}]",r_associated,0.0
basilic,frais,amod,ADJ,0.5041455030441284,"[{""id"": 31739646, ""node1"": 112671, ""node2"": 53495, ""type"": 17, ""w"": 30.0}]",r_carac,30.0
ingrédient,film,appos,NOUN,0.4799549579620361,[],,
film,alimentaire,amod,ADJ,0.4283865392208099,[],,
film,bol,nmod,NOUN,0.5383360385894775,[],,
bol,four,nmod,NOUN,0.6603272557258606,[],,
four,moule,nmod,NOUN,0.6459261178970337,"[{""id"": 914324367, ""node1"": 9190, ""node2"": 143723, ""type"": 0, ""w"": 20.0}, {""id"": 149292258, ""node1"": 9190, ""node2"": 143723, ""type"": 28, ""w"": 71.0}]",r_lieu-1,71.0
papier,cake,nmod,ADV,0.5567407608032227,"[{""id"": 52013, ""node1"": 0, ""node2"": 0, ""type"": 0, ""w"": 0.0}]",r_associated,0.0
ingrédient,papier,nmod,NOUN,0.6073719263076782,[],,
ingrédient,casserole,nmod,NOUN,0.7348343133926392,"[{""id"": 52015, ""node1"": 0, ""node2"": 0, ""type"": 6, ""w"": 0.0}]",r_isa,0.0
casserole,saladier,nmod,NOUN,0.6254573464393616,"[{""id"": 52016, ""node1"": 0, ""node2"": 0, ""type"": 6, ""w"": 0.0}]",r_isa,0.0
saladier,frigo,nmod,NOUN,0.5944403409957886,"[{""id"": 52017, ""node1"": 0, ""node2"": 0, ""type"": 9, ""w"": 0.0}]",r_has_part,0.0
ingrédient,cuire,acl,VERB,0.7966136336326599,"[{""id"": 52018, ""node1"": 0, ""node2"": 0, ""type"": 17, ""w"": 0.0}]",r_carac,0.0
cuire,œuf,obj,NOUN,0.6684867143630981,"[{""id"": 52019, ""node1"": 0, ""node2"": 0, ""type"": 53, ""w"": 0.0}]",r_make,0.0
casserole,eau,nmod,NOUN,0.6077002882957458,"[{""id"": 96542705, ""node1"": 57253, ""node2"": 65012, ""type"": 0, ""w"": 19.0}, {""id"": 22760525, ""node1"": 57253, ""node2"": 65012, ""type"": 28, ""w"": 34.0}, {""id"": 96542704, ""node1"": 57253, ""node2"": 65012, ""type"": 666, ""w"": 1.0}]",r_lieu-1,34.0
retirer,feu,obj,NOUN,0.5417822003364563,[],,
saladier,grand,amod,ADJ,0.534858763217926,"[{""id"": 1077330492, ""node1"": 45455, ""node2"": 23178, ""type"": 0, ""w"": 50.0}, {""id"": 31838076, ""node1"": 45455, ""node2"": 23178, ""type"": 17, ""w"": 60.0}, {""id"": 1668931, ""node1"": 45455, ""node2"": 23178, ""type"": 666, ""w"": 2.0}]",r_carac,60.0
saladier,mélanger,acl,VERB,0.5846896171569824,"[{""id"": 17857328, ""node1"": 45455, ""node2"": 37151, ""type"": 0, ""w"": 2.0}, {""id"": 72596974, ""node1"": 45455, ""node2"": 37151, ""type"": 24, ""w"": -25.0}, {""id"": 380394138, ""node1"": 45455, ""node2"": 37151, ""type"": 30, ""w"": 26.0}]",r_lieu_action,26.0
mélanger,viande,obj,NOUN,0.756519615650177,[],,
oeuf,chapelure,nmod,NOUN,0.5901342034339905,"[{""id"": 52025, ""node1"": 0, ""node2"": 0, ""type"": 0, ""w"": 0.0}]",r_associated,0.0
oeuf,râpé,amod,ADV,0.5698972940444946,"[{""id"": 52026, ""node1"": 0, ""node2"": 0, ""type"": 8, ""w"": 0.0}]",r_hypo,0.0
obtenir,pâte,obj,NOUN,0.6173189282417297,"[{""id"": 52027, ""node1"": 0, ""node2"": 0, ""type"": 17, ""w"": 0.0}]",r_carac,0.0
pâte,homogène,amod,ADJ,0.6105889678001404,"[{""id"": 796702467, ""node1"": 34069, ""node2"": 124759, ""type"": 0, ""w"": 28.0}, {""id"": 372565004, ""node1"": 34069, ""node2"": 124759, ""type"": 17, ""w"": 26.0}]",r_associated,28.0
feuille,grand,amod,ADJ,0.5061614513397217,[],,
feuille,film,nmod,NOUN,0.4601301252841949,[],,
tranche,jambon,nmod,NOUN,0.5780830979347229,"[{""id"": 243905, ""node1"": 143123, ""node2"": 57980, ""type"": 0, ""w"": 71.0}, {""id"": 720817992, ""node1"": 143123, ""node2"": 57980, ""type"": 174, ""w"": 25.0}]",r_associated,71.0
tranche,croire,acl,VERB,0.4411167204380035,[],,
croire,une,obj,NOUN,0.4337015151977539,[],,
une,côté,nmod,NOUN,0.4619098901748657,[],,
côté,autre,nmod,NOUN,0.4043467342853546,[],,
ajouter,viande,obj,NOUN,0.7162638902664185,[],,
ajouter,tranche,obj,NOUN,0.4790236055850982,[],,
feuille,basilic,nmod,NOUN,0.5825510621070862,"[{""id"": 98620683, ""node1"": 37993, ""node2"": 112671, ""type"": 0, ""w"": 18.0}, {""id"": 97419090, ""node1"": 37993, ""node2"": 112671, ""type"": 10, ""w"": 27.0}]",r_holo,27.0
œuf,dur,amod,ADJ,0.5238029360771179,"[{""id"": 560384151, ""node1"": 174124, ""node2"": 72731, ""type"": 0, ""w"": 77.0}]",r_associated,77.0
œuf,découper,acl,VERB,0.5462409257888794,[],,
œuf,préalable,nmod,NOUN,0.5177291035652161,[],,
viande,totalité,nmod,NOUN,0.6803069710731506,"[{""id"": 52042, ""node1"": 0, ""node2"": 0, ""type"": 0, ""w"": 0.0}]",r_associated,0.0
totalité,film,nmod,NOUN,0.4043155312538147,[],,
film,plastique,amod,ADJ,0.4269080460071563,[],,
piéger,farce,obj,NOUN,0.509850263595581,[],,
réfrigérateur,minute,nmod,NOUN,0.4894644021987915,[],,
four,180,nmod,NUM,0.4979606568813324,[],,
placer,feuille,obj,NOUN,0.4885140657424927,[],,
feuille,papier,nmod,NOUN,0.4767924547195434,"[{""id"": 99562, ""node1"": 37993, ""node2"": 103389, ""type"": 0, ""w"": 667.0}, {""id"": 157352, ""node1"": 37993, ""node2"": 103389, ""type"": 5, ""w"": 169.0}, {""id"": 186644, ""node1"": 37993, ""node2"": 103389, ""type"": 8, ""w"": 134.0}, {""id"": 377011482, ""node1"": 37993, ""node2"": 103389, ""type"": 20, ""w"": 35.0}, {""id"": 246389, ""node1"": 37993, ""node2"": 103389, ""type"": 21, ""w"": 85.0}, {""id"": 665112728, ""node1"": 37993, ""node2"": 103389, ""type"": 174, ""w"": 30.0}, {""id"": 1770446, ""node1"": 37993, ""node2"": 103389, ""type"": 666, ""w"": 7.0}]",r_associated,667.0
papier,cuisson,nmod,NOUN,0.6981122493743896,"[{""id"": 52050, ""node1"": 0, ""node2"": 0, ""type"": 6, ""w"": 0.0}]",r_isa,0.0
moule,cake,nmod,NOUN,0.5423397421836853,"[{""id"": 272916, ""node1"": 143723, ""node2"": 28945, ""type"": 0, ""w"": 60.0}, {""id"": 583219247, ""node1"": 143723, ""node2"": 28945, ""type"": 28, ""w"": 27.0}]",r_associated,60.0
papier,autre,amod,ADJ,0.5045393705368042,[],,
déposer,papier,obj,NOUN,0.489111453294754,[],,
papier,dessus,nmod,ADV,0.4934993982315063,[],,
brûler,lui,nsubj,PRON,0.4473544061183929,[],,
verser,filet,obj,NOUN,0.5606366395950317,[],,
filet,huile,nmod,NOUN,0.6150403022766113,"[{""id"": 52057, ""node1"": 0, ""node2"": 0, ""type"": 0, ""w"": 0.0}]",r_associated,0.0
huile,olive,nmod,ADJ,0.577674388885498,"[{""id"": 143577, ""node1"": 141971, ""node2"": 238, ""type"": 0, ""w"": 441.0}, {""id"": 580646, ""node1"": 141971, ""node2"": 238, ""type"": 5, ""w"": 35.0}, {""id"": 214590, ""node1"": 141971, ""node2"": 238, ""type"": 8, ""w"": 101.0}, {""id"": 9972834, ""node1"": 141971, ""node2"": 238, ""type"": 9, ""w"": 10.0}, {""id"": 96691611, ""node1"": 141971, ""node2"": 238, ""type"": 35, ""w"": 34.0}, {""id"": 1808072, ""node1"": 141971, ""node2"": 238, ""type"": 42, ""w"": 92.0}, {""id"": 653727906, ""node1"": 141971, ""node2"": 238, ""type"": 666, ""w"": 5.0}]",r_associated,441.0
papier,premier,amod,ADJ,0.4709962010383606,[],,
