head,lemma,dep,pos,sim,relation,relation_name,w
pomme,terre,nmod,NOUN,0.5497229695320129,"[{""id"": 34768529, ""node1"": 37201, ""node2"": 25705, ""type"": 0, ""w"": 39.0}]",r_associated,39.0
pomme,sauter,acl,VERB,0.5997920036315918,[],,
pomme,ingrédient,nmod,NOUN,0.6517195105552673,"[{""id"": 52002, ""node1"": 0, ""node2"": 0, ""type"": 8, ""w"": 0.0}]",r_hypo,0.0
pomme,curry,nmod,NOUN,0.7068952918052673,"[{""id"": 52003, ""node1"": 0, ""node2"": 0, ""type"": 6, ""w"": 0.0}]",r_isa,0.0
curry,poivre,nmod,NOUN,0.6854056119918823,"[{""id"": 3116767, ""node1"": 82813, ""node2"": 139597, ""type"": 0, ""w"": 75.0}]",r_associated,75.0
poivre,pomme,nmod,NOUN,0.6958288550376892,"[{""id"": 52005, ""node1"": 0, ""node2"": 0, ""type"": 0, ""w"": 0.0}]",r_associated,0.0
pomme,couteau,appos,NOUN,0.6072335839271545,"[{""id"": 423545791, ""node1"": 37201, ""node2"": 32610, ""type"": 0, ""w"": 21.0}, {""id"": 4964861, ""node1"": 37201, ""node2"": 32610, ""type"": 777, ""w"": 2.0}]",r_associated,21.0
couteau,économe,nmod,NOUN,0.5018488168716431,"[{""id"": 9916570, ""node1"": 32610, ""node2"": 14706, ""type"": 0, ""w"": 23.0}, {""id"": 2386429, ""node1"": 32610, ""node2"": 14706, ""type"": 8, ""w"": 76.0}]",r_hypo,76.0
pomme,cuillère,nmod,NOUN,0.6174559593200684,[],,
cuillère,bois,nmod,NOUN,0.5910300612449646,"[{""id"": 423608378, ""node1"": 51905, ""node2"": 96256, ""type"": 0, ""w"": 41.0}, {""id"": 1977342, ""node1"": 51905, ""node2"": 96256, ""type"": 50, ""w"": 27.0}, {""id"": 3906289, ""node1"": 51905, ""node2"": 96256, ""type"": 777, ""w"": 9.0}]",r_associated,41.0
cuillère,couvercle,nmod,NOUN,0.6197326183319092,"[{""id"": 52010, ""node1"": 0, ""node2"": 0, ""type"": 9, ""w"": 0.0}]",r_has_part,0.0
couvercle,étape,nmod,NOUN,0.4822983145713806,[],,
laver,pomme,obj,NOUN,0.604200541973114,"[{""id"": 97862778, ""node1"": 143876, ""node2"": 37201, ""type"": 14, ""w"": 30.0}]",r_patient,30.0
chauffer,cuillère,obj,NOUN,0.652341902256012,"[{""id"": 52013, ""node1"": 0, ""node2"": 0, ""type"": 9, ""w"": 0.0}]",r_has_part,0.0
soupe,huile,nmod,NOUN,0.676633894443512,"[{""id"": 3346889, ""node1"": 117152, ""node2"": 141971, ""type"": 777, ""w"": 9.0}]",r_wiki,9.0
chaud,huile,nsubj,NOUN,0.6474975347518921,"[{""id"": 31746541, ""node1"": 19150, ""node2"": 141971, ""type"": 23, ""w"": 28.0}]",r_carac-1,28.0
ajouter,chaud,advcl,ADJ,0.544730007648468,[],,
mettre,pomme,obj,NOUN,0.6015596985816956,"[{""id"": 52017, ""node1"": 0, ""node2"": 0, ""type"": 16, ""w"": 0.0}]",r_instr,0.0
pomme,coup,nmod,NOUN,0.5183859467506409,[],,
sens,tout,amod,ADJ,0.4215465188026428,[],,
sens,cuillère,nmod,NOUN,0.5051615238189697,[],,
ajouter,sel,obj,NOUN,0.6747812032699585,"[{""id"": 914306223, ""node1"": 25099, ""node2"": 13260, ""type"": 0, ""w"": 20.0}, {""id"": 220261, ""node1"": 25099, ""node2"": 13260, ""type"": 14, ""w"": 70.0}]",r_patient,70.0
feu,maximal,amod,ADJ,0.5107046961784363,[],,
odeur,bon,amod,ADJ,0.5031731128692627,[],,
échapper,odeur,nsubj,NOUN,0.455508142709732,[],,
odeur,pomme,nmod,NOUN,0.5755891799926758,"[{""id"": 52025, ""node1"": 0, ""node2"": 0, ""type"": 53, ""w"": 0.0}]",r_make,0.0
pomme,grillé,amod,ADJ,0.647232174873352,"[{""id"": 52026, ""node1"": 0, ""node2"": 0, ""type"": 17, ""w"": 0.0}]",r_carac,0.0
prendre,moment,obj,NOUN,0.4181678891181946,[],,
retourner,pomme,obj,NOUN,0.5724096894264221,"[{""id"": 52028, ""node1"": 0, ""node2"": 0, ""type"": 17, ""w"": 0.0}]",r_carac,0.0
baisser,température,obj,NOUN,0.4465672969818115,"[{""id"": 24768151, ""node1"": 91711, ""node2"": 40531, ""type"": 13, ""w"": 133.0}, {""id"": 548298467, ""node1"": 91711, ""node2"": 40531, ""type"": 14, ""w"": 31.0}]",r_agent,133.0
baisser,mettre,advcl,VERB,0.4231222569942474,[],,
feu,moyen,amod,ADJ,0.5528092384338379,"[{""id"": 52031, ""node1"": 0, ""node2"": 0, ""type"": 53, ""w"": 0.0}]",r_make,0.0
remettre,couvercle,obj,NOUN,0.5371571779251099,"[{""id"": 373015117, ""node1"": 62982, ""node2"": 89523, ""type"": 14, ""w"": 31.0}]",r_patient,31.0
pomme,min,nmod,NOUN,0.4557827711105346,[],,
cuire,lui,nsubj:pass,PRON,0.6200059056282043,[],,
vérifier,tout,obj,ADV,0.4227424561977386,[],,
pointe,couteau,nmod,NOUN,0.4962367117404938,"[{""id"": 8856589, ""node1"": 141611, ""node2"": 32610, ""type"": 0, ""w"": 16.0}, {""id"": 251482, ""node1"": 141611, ""node2"": 32610, ""type"": 10, ""w"": 53.0}]",r_holo,53.0
