head,lemma,dep,pos,sim,relation,relation_name,w
titre,raclette,nmod,NOUN,0.4788477122783661,[],,
titre,ingrédient,nmod,NOUN,0.4716755747795105,[],,
ingrédient,jambon,nmod,NOUN,0.6781305074691772,"[{""id"": 24923440, ""node1"": 123418, ""node2"": 57980, ""type"": 0, ""w"": 15.0}, {""id"": 578529557, ""node1"": 123418, ""node2"": 57980, ""type"": 6, ""w"": -5.0}, {""id"": 24850708, ""node1"": 123418, ""node2"": 57980, ""type"": 8, ""w"": 32.0}]",r_hypo,32.0
jambon,blanc,amod,ADJ,0.6019902229309082,"[{""id"": 368564, ""node1"": 57980, ""node2"": 15196, ""type"": 0, ""w"": 67.0}, {""id"": 380715, ""node1"": 57980, ""node2"": 15196, ""type"": 17, ""w"": 51.0}, {""id"": 3163497, ""node1"": 57980, ""node2"": 15196, ""type"": 106, ""w"": 13.0}]",r_associated,67.0
bleu,jambon,nmod,NOUN,0.5559855699539185,[],,
jambon,croire,acl,VERB,0.581739604473114,"[{""id"": 52005, ""node1"": 0, ""node2"": 0, ""type"": 67, ""w"": 0.0}]",r_similar,0.0
pomme,terre,nmod,NOUN,0.5497229695320129,"[{""id"": 34768529, ""node1"": 37201, ""node2"": 25705, ""type"": 0, ""w"": 39.0}]",r_associated,39.0
appareil,raclette,nmod,NOUN,0.4767064154148102,"[{""id"": 796738257, ""node1"": 106265, ""node2"": 32204, ""type"": 0, ""w"": 30.0}]",r_associated,30.0
raclette,couteau,appos,NOUN,0.5497937798500061,[],,
couper,fromage,obj,NOUN,0.6230878829956055,"[{""id"": 365853942, ""node1"": 128828, ""node2"": 141687, ""type"": 0, ""w"": 29.0}, {""id"": 365853940, ""node1"": 128828, ""node2"": 141687, ""type"": 14, ""w"": 100.0}]",r_patient,100.0
tranche,fin,amod,ADJ,0.4211523532867431,[],,
disposer,charcuterie,obj,NOUN,0.581061840057373,[],,
chauffer,appareil,obj,NOUN,0.5757590532302856,"[{""id"": 97862553, ""node1"": 90994, ""node2"": 106265, ""type"": 14, ""w"": 30.0}]",r_patient,30.0
fondre,fromage,obj,NOUN,0.6491246819496155,"[{""id"": 102294612, ""node1"": 16480, ""node2"": 141687, ""type"": 0, ""w"": 62.0}, {""id"": 98285435, ""node1"": 16480, ""node2"": 141687, ""type"": 13, ""w"": 31.0}]",r_associated,62.0
dégustation,bon,amod,ADJ,0.4751738309860229,"[{""id"": 561348579, ""node1"": 107364, ""node2"": 144229, ""type"": 0, ""w"": 31.0}]",r_associated,31.0
