head,lemma,dep,pos,sim,relation,relation_name,w
façon,tarte,nsubj,NOUN,0.5977886319160461,[],,
pistache,ingrédient,nmod,NOUN,0.655134379863739,"[{""id"": 52001, ""node1"": 0, ""node2"": 0, ""type"": 8, ""w"": 0.0}]",r_hypo,0.0
pistache,purée,appos,NOUN,0.6573222875595093,"[{""id"": 52002, ""node1"": 0, ""node2"": 0, ""type"": 0, ""w"": 0.0}]",r_associated,0.0
amande,poudre,nmod,NOUN,0.5705900192260742,"[{""id"": 52003, ""node1"": 0, ""node2"": 0, ""type"": 0, ""w"": 0.0}]",r_associated,0.0
poudre,blanc,amod,ADJ,0.5775071382522583,"[{""id"": 797000183, ""node1"": 139470, ""node2"": 15196, ""type"": 0, ""w"": 24.0}, {""id"": 3186318, ""node1"": 139470, ""node2"": 15196, ""type"": 106, ""w"": 3.0}]",r_associated,24.0
blanc,oeuf,nmod,NOUN,0.5395181179046631,"[{""id"": 215721, ""node1"": 15196, ""node2"": 116175, ""type"": 0, ""w"": 84.0}, {""id"": 31299415, ""node1"": 15196, ""node2"": 116175, ""type"": 3, ""w"": 32.0}, {""id"": 76136326, ""node1"": 15196, ""node2"": 116175, ""type"": 10, ""w"": 26.0}, {""id"": 373603, ""node1"": 15196, ""node2"": 116175, ""type"": 23, ""w"": 110.0}, {""id"": 91492401, ""node1"": 15196, ""node2"": 116175, ""type"": 35, ""w"": 54.0}]",r_carac-1,110.0
crème,liquide,amod,ADJ,0.6173139810562134,"[{""id"": 96714687, ""node1"": 44001, ""node2"": 140315, ""type"": 0, ""w"": 35.0}, {""id"": 96714688, ""node1"": 44001, ""node2"": 140315, ""type"": 6, ""w"": 33.0}, {""id"": 31815506, ""node1"": 44001, ""node2"": 140315, ""type"": 17, ""w"": 52.0}, {""id"": 306776466, ""node1"": 44001, ""node2"": 140315, ""type"": 666, ""w"": 3.0}]",r_carac,52.0
tarte,four,nmod,NOUN,0.7168973088264465,"[{""id"": 588369597, ""node1"": 575, ""node2"": 9190, ""type"": 0, ""w"": 110.0}, {""id"": 113393, ""node1"": 575, ""node2"": 9190, ""type"": 15, ""w"": 238.0}, {""id"": 1015273156, ""node1"": 575, ""node2"": 9190, ""type"": 666, ""w"": 11.0}, {""id"": 4040856, ""node1"": 575, ""node2"": 9190, ""type"": 777, ""w"": 10.0}]",r_lieu,238.0
four,saladier,nmod,NOUN,0.6991847157478333,"[{""id"": 52008, ""node1"": 0, ""node2"": 0, ""type"": 0, ""w"": 0.0}]",r_associated,0.0
saladier,papier,nmod,NOUN,0.5962618589401245,[],,
four,casserole,nmod,NOUN,0.7147663235664368,[],,
casserole,cuillère,nmod,NOUN,0.6258264183998108,"[{""id"": 922009782, ""node1"": 57253, ""node2"": 51905, ""type"": 0, ""w"": 20.0}, {""id"": 596712176, ""node1"": 57253, ""node2"": 51905, ""type"": 16, ""w"": -25.0}]",r_associated,20.0
cuillère,bois,nmod,NOUN,0.5910300612449646,"[{""id"": 423608378, ""node1"": 51905, ""node2"": 96256, ""type"": 0, ""w"": 41.0}, {""id"": 1977342, ""node1"": 51905, ""node2"": 96256, ""type"": 50, ""w"": 27.0}, {""id"": 3906289, ""node1"": 51905, ""node2"": 96256, ""type"": 777, ""w"": 9.0}]",r_associated,41.0
cuillère,set,nmod,NOUN,0.4149639010429382,[],,
set,poêle,nmod,NOUN,0.5301709771156311,[],,
four,180,nmod,NUM,0.4979606568813324,[],,
façon,préparer,acl,VERB,0.4679554104804992,[],,
préparer,pâte,obj,NOUN,0.6504604816436768,"[{""id"": 97862162, ""node1"": 36246, ""node2"": 34069, ""type"": 14, ""w"": 35.0}]",r_patient,35.0
préparer,mélanger,advcl,VERB,0.5422113537788391,[],,
mélanger,ingrédient,obj,NOUN,0.6362285614013672,"[{""id"": 8839347, ""node1"": 37151, ""node2"": 123418, ""type"": 0, ""w"": 2.0}, {""id"": 775449836, ""node1"": 37151, ""node2"": 123418, ""type"": 14, ""w"": 31.0}]",r_patient,31.0
obtenir,boule,obj,NOUN,0.4798097908496856,[],,
boule,homogène,amod,ADJ,0.4868053495883941,[],,
façon,foncer,acl,VERB,0.4323877692222595,[],,
foncer,pâte,obj,NOUN,0.6104576587677002,[],,
foncer,moule,obj,NOUN,0.4957711100578308,[],,
moule,individuel,amod,ADJ,0.5048041343688965,[],,
façon,papier,nmod,NOUN,0.5115925073623657,[],,
papier,cuisson,nmod,NOUN,0.6981122493743896,"[{""id"": 52027, ""node1"": 0, ""node2"": 0, ""type"": 6, ""w"": 0.0}]",r_isa,0.0
attache,pâte,nsubj,NOUN,0.6242015957832336,"[{""id"": 52028, ""node1"": 0, ""node2"": 0, ""type"": 17, ""w"": 0.0}]",r_carac,0.0
façon,attache,advcl,VERB,0.403727263212204,[],,
piquer,pâte,obj,NOUN,0.6554378867149353,"[{""id"": 52030, ""node1"": 0, ""node2"": 0, ""type"": 9, ""w"": 0.0}]",r_has_part,0.0
façon,monte,advcl,VERB,0.4265513718128204,[],,
cuire,blanc,advcl,ADJ,0.7315089702606201,"[{""id"": 52032, ""node1"": 0, ""node2"": 0, ""type"": 16, ""w"": 0.0}]",r_instr,0.0
sortir,moule,obj,NOUN,0.5085193514823914,[],,
moule,four,nmod,NOUN,0.6459261178970337,"[{""id"": 558702307, ""node1"": 143723, ""node2"": 9190, ""type"": 0, ""w"": 27.0}, {""id"": 253548963, ""node1"": 143723, ""node2"": 9190, ""type"": 15, ""w"": 4.0}]",r_associated,27.0
préparation,garniture,nmod,NOUN,0.6397891044616699,[],,
préparation,temps,nmod,NOUN,0.4767998456954956,"[{""id"": 651018503, ""node1"": 33634, ""node2"": 13861, ""type"": 666, ""w"": 2.0}]",r_aki,2.0
temps,cuisson,nmod,NOUN,0.6630411744117737,"[{""id"": 52037, ""node1"": 0, ""node2"": 0, ""type"": 8, ""w"": 0.0}]",r_hypo,0.0
cuisson,pâte,nmod,NOUN,0.7189537286758423,"[{""id"": 915053269, ""node1"": 60056, ""node2"": 34069, ""type"": 0, ""w"": 20.0}, {""id"": 376106703, ""node1"": 60056, ""node2"": 34069, ""type"": 109, ""w"": 29.0}]",r_has_predecesseur-time,29.0
préparation,four,nmod,NOUN,0.6953753232955933,"[{""id"": 253548832, ""node1"": 33634, ""node2"": 9190, ""type"": 15, ""w"": 4.0}]",r_lieu,4.0
casserole,mettre,acl,VERB,0.6041960716247559,[],,
mettre,crème,obj,NOUN,0.6161975264549255,"[{""id"": 52041, ""node1"": 0, ""node2"": 0, ""type"": 16, ""w"": 0.0}]",r_instr,0.0
colorant,vert,amod,ADJ,0.5119419693946838,"[{""id"": 647404027, ""node1"": 119998, ""node2"": 26976, ""type"": 0, ""w"": 42.0}, {""id"": 3160995, ""node1"": 119998, ""node2"": 26976, ""type"": 106, ""w"": 1.0}, {""id"": 989786116, ""node1"": 119998, ""node2"": 26976, ""type"": 666, ""w"": 3.0}]",r_associated,42.0
devenir,mélange,nsubj,NOUN,0.515579104423523,[],,
garnir,fond,obj,NOUN,0.5301564335823059,[],,
fond,tarte,nmod,NOUN,0.6178751587867737,"[{""id"": 52045, ""node1"": 0, ""node2"": 0, ""type"": 53, ""w"": 0.0}]",r_make,0.0
tarte,partie,nmod,NOUN,0.6195249557495117,"[{""id"": 52046, ""node1"": 0, ""node2"": 0, ""type"": 17, ""w"": 0.0}]",r_carac,0.0
partie,pistache,nmod,NOUN,0.5528702139854431,[],,
verser,crème,obj,NOUN,0.6168469786643982,[],,
remettre,pistache,obj,NOUN,0.5633016228675842,"[{""id"": 52049, ""node1"": 0, ""node2"": 0, ""type"": 53, ""w"": 0.0}]",r_make,0.0
aller,garniture,nsubj,NOUN,0.5281290411949158,[],,
