head,lemma,dep,pos,sim,relation,relation_name,w
tarte,Bretonne,nmod,PROPN,0.5660337805747986,[],,
tarte,ingrédient,nmod,NOUN,0.6982564926147461,"[{""id"": 588372722, ""node1"": 575, ""node2"": 123418, ""type"": 0, ""w"": 2.0}]",r_associated,2.0
tarte,sel,appos,NOUN,0.7710812091827393,"[{""id"": 413304, ""node1"": 575, ""node2"": 13260, ""type"": 28, ""w"": 79.0}]",r_lieu-1,79.0
sel,poivre,amod,NOUN,0.6705341935157776,"[{""id"": 125169, ""node1"": 13260, ""node2"": 139597, ""type"": 0, ""w"": 495.0}, {""id"": 1029365119, ""node1"": 13260, ""node2"": 139597, ""type"": 67, ""w"": 28.0}, {""id"": 74985058, ""node1"": 13260, ""node2"": 139597, ""type"": 75, ""w"": 160.0}, {""id"": 1032956770, ""node1"": 13260, ""node2"": 139597, ""type"": 78, ""w"": 39.0}, {""id"": 652227840, ""node1"": 13260, ""node2"": 139597, ""type"": 666, ""w"": 2.0}]",r_associated,495.0
poivre,curry,nmod,NOUN,0.6854056119918823,"[{""id"": 796941044, ""node1"": 139597, ""node2"": 82813, ""type"": 0, ""w"": 28.0}]",r_associated,28.0
curry,crème,nmod,NOUN,0.7014504671096802,"[{""id"": 52005, ""node1"": 0, ""node2"": 0, ""type"": 0, ""w"": 0.0}]",r_associated,0.0
curry,poireau,nmod,NOUN,0.681416392326355,[],,
tarte,briser,acl,VERB,0.6160573959350586,"[{""id"": 52007, ""node1"": 0, ""node2"": 0, ""type"": 0, ""w"": 0.0}]",r_associated,0.0
moule,tarte,nmod,NOUN,0.598731517791748,"[{""id"": 201624, ""node1"": 143723, ""node2"": 575, ""type"": 0, ""w"": 130.0}]",r_associated,130.0
moule,set,nmod,NOUN,0.4461282789707184,[],,
moule,poêle,nmod,NOUN,0.6391753554344177,"[{""id"": 52010, ""node1"": 0, ""node2"": 0, ""type"": 53, ""w"": 0.0}]",r_make,0.0
poêle,four,nmod,NOUN,0.7086914777755737,"[{""id"": 605500247, ""node1"": 119686, ""node2"": 9190, ""type"": 0, ""w"": 23.0}, {""id"": 1061038832, ""node1"": 119686, ""node2"": 9190, ""type"": 666, ""w"": 2.0}]",r_associated,23.0
four,saladier,nmod,NOUN,0.6991847157478333,"[{""id"": 52012, ""node1"": 0, ""node2"": 0, ""type"": 10, ""w"": 0.0}]",r_holo,0.0
saladier,fourchette,nmod,NOUN,0.5964536666870117,"[{""id"": 52013, ""node1"": 0, ""node2"": 0, ""type"": 15, ""w"": 0.0}]",r_lieu,0.0
saladier,cuillère,nmod,NOUN,0.6106023788452148,"[{""id"": 591359667, ""node1"": 45455, ""node2"": 51905, ""type"": 0, ""w"": 32.0}]",r_associated,32.0
cuillère,bois,nmod,NOUN,0.5910300612449646,"[{""id"": 423608378, ""node1"": 51905, ""node2"": 96256, ""type"": 0, ""w"": 41.0}, {""id"": 1977342, ""node1"": 51905, ""node2"": 96256, ""type"": 50, ""w"": 27.0}, {""id"": 3906289, ""node1"": 51905, ""node2"": 96256, ""type"": 777, ""w"": 9.0}]",r_associated,41.0
cuillère,fouet,nmod,NOUN,0.5491861701011658,"[{""id"": 662513346, ""node1"": 51905, ""node2"": 73888, ""type"": 0, ""w"": 22.0}]",r_associated,22.0
fouet,cuisine,nmod,NOUN,0.6215970516204834,"[{""id"": 2421862, ""node1"": 73888, ""node2"": 16033, ""type"": 0, ""w"": 305.0}, {""id"": 452879, ""node1"": 73888, ""node2"": 16033, ""type"": 3, ""w"": 265.0}, {""id"": 72783259, ""node1"": 73888, ""node2"": 16033, ""type"": 15, ""w"": 38.0}, {""id"": 1019771975, ""node1"": 73888, ""node2"": 16033, ""type"": 17, ""w"": -5.0}]",r_associated,305.0
fouet,pinceau,appos,NOUN,0.4720708131790161,[],,
pinceau,balance,nmod,NOUN,0.4696744382381439,[],,
balance,cuisine,nmod,NOUN,0.5991910099983215,"[{""id"": 52020, ""node1"": 0, ""node2"": 0, ""type"": 17, ""w"": 0.0}]",r_carac,0.0
fouet,étape,nmod,NOUN,0.4946097731590271,[],,
revenir,oignon,obj,NOUN,0.6089184284210205,"[{""id"": 31815154, ""node1"": 59241, ""node2"": 123307, ""type"": 14, ""w"": 56.0}]",r_patient,56.0
blanc,poireau,nmod,NOUN,0.576774001121521,"[{""id"": 796740403, ""node1"": 15196, ""node2"": 130303, ""type"": 0, ""w"": 28.0}]",r_associated,28.0
peu,beurre,nmod,NOUN,0.5877829194068909,"[{""id"": 52024, ""node1"": 0, ""node2"": 0, ""type"": 67, ""w"": 0.0}]",r_similar,0.0
battre,oeuf,obj,NOUN,0.5256416201591492,"[{""id"": 2120026, ""node1"": 119162, ""node2"": 116175, ""type"": 14, ""w"": 30.0}]",r_patient,30.0
crème,frais,amod,ADJ,0.5796430110931396,"[{""id"": 52026, ""node1"": 0, ""node2"": 0, ""type"": 17, ""w"": 0.0}]",r_carac,0.0
mélanger,oignon,obj,NOUN,0.6480475068092346,"[{""id"": 93547212, ""node1"": 37151, ""node2"": 123307, ""type"": 14, ""w"": 30.0}]",r_patient,30.0
poireau,refroidir,acl,VERB,0.6572090983390808,"[{""id"": 52028, ""node1"": 0, ""node2"": 0, ""type"": 17, ""w"": 0.0}]",r_carac,0.0
ajouter,curry,obj,NOUN,0.6705759763717651,"[{""id"": 31845118, ""node1"": 25099, ""node2"": 82813, ""type"": 14, ""w"": 30.0}]",r_patient,30.0
fond,tarte,nmod,NOUN,0.6178751587867737,[],,
verser,préparation,obj,NOUN,0.5208573341369629,"[{""id"": 72653246, ""node1"": 104506, ""node2"": 33634, ""type"": 0, ""w"": 30.0}, {""id"": 478294173, ""node1"": 104506, ""node2"": 33634, ""type"": 14, ""w"": 100.0}]",r_patient,100.0
four,minute,nmod,NOUN,0.6574273109436035,[],,
mettre,degré,obj,NOUN,0.4046871662139892,[],,
mettre,thermostat,obj,NOUN,0.5112968683242798,[],,
