head,lemma,dep,pos,sim,relation,relation_name,w
titre,ingrédient,nmod,NOUN,0.4716755747795105,[],,
crème,pomme,nmod,NOUN,0.6424804329872131,[],,
pomme,terre,nmod,NOUN,0.5497229695320129,"[{""id"": 34768529, ""node1"": 37201, ""node2"": 25705, ""type"": 0, ""w"": 39.0}]",r_associated,39.0
four,couvercle,nmod,NOUN,0.6759926676750183,"[{""id"": 52003, ""node1"": 0, ""node2"": 0, ""type"": 8, ""w"": 0.0}]",r_hypo,0.0
couvercle,plat,nmod,ADJ,0.6402535438537598,"[{""id"": 961890557, ""node1"": 89523, ""node2"": 36327, ""type"": 10, ""w"": 24.0}, {""id"": 372856875, ""node1"": 89523, ""node2"": 36327, ""type"": 17, ""w"": 26.0}]",r_carac,26.0
couvercle,étape,nmod,NOUN,0.4822983145713806,[],,
cuire,pomme,obj,NOUN,0.7712360620498657,"[{""id"": 195355017, ""node1"": 5115, ""node2"": 37201, ""type"": 13, ""w"": 30.0}, {""id"": 97862229, ""node1"": 5115, ""node2"": 37201, ""type"": 14, ""w"": 30.0}]",r_agent,30.0
rectangle,petit,amod,ADJ,0.4984605610370636,[],,
placer,pomme,obj,NOUN,0.5900436639785767,"[{""id"": 52008, ""node1"": 0, ""node2"": 0, ""type"": 6, ""w"": 0.0}]",r_isa,0.0
pomme,cuire,amod,VERB,0.7712360620498657,"[{""id"": 195277465, ""node1"": 37201, ""node2"": 5115, ""type"": 24, ""w"": 31.0}, {""id"": 96711599, ""node1"": 37201, ""node2"": 5115, ""type"": 26, ""w"": 55.0}]",r_patient-1,55.0
pomme,fond,nmod,NOUN,0.6048867106437683,[],,
fond,plat,nmod,NOUN,0.5886687636375427,"[{""id"": 961890508, ""node1"": 119272, ""node2"": 36327, ""type"": 10, ""w"": 25.0}]",r_holo,25.0
pomme,four,nmod,NOUN,0.7223811149597168,"[{""id"": 423545889, ""node1"": 37201, ""node2"": 9190, ""type"": 0, ""w"": 14.0}, {""id"": 4965752, ""node1"": 37201, ""node2"": 9190, ""type"": 777, ""w"": 2.0}]",r_associated,14.0
déposer,morceau,obj,NOUN,0.5327123999595642,[],,
morceau,fromage,nmod,NOUN,0.652549684047699,"[{""id"": 98623466, ""node1"": 65364, ""node2"": 141687, ""type"": 0, ""w"": 19.0}, {""id"": 97415355, ""node1"": 65364, ""node2"": 141687, ""type"": 10, ""w"": 26.0}, {""id"": 775213282, ""node1"": 65364, ""node2"": 141687, ""type"": 174, ""w"": 25.0}, {""id"": 980923936, ""node1"": 65364, ""node2"": 141687, ""type"": 666, ""w"": 3.0}]",r_holo,26.0
recouvrir,crème,obj,NOUN,0.6188732385635376,"[{""id"": 52015, ""node1"": 0, ""node2"": 0, ""type"": 0, ""w"": 0.0}]",r_associated,0.0
mettre,minute,obj,NOUN,0.4575984179973602,[],,
minute,température,nmod,NOUN,0.4602371454238891,[],,
mettre,thermostat,appos,NOUN,0.5112968683242798,[],,
thermostat,degré,nmod,NOUN,0.407830536365509,[],,
