head,lemma,dep,pos,sim,relation,relation_name,w
velouté,petit,amod,ADJ,0.5730846524238586,[],,
titre,pois,nmod,NOUN,0.5032194256782532,[],,
pois,petit,amod,ADJ,0.5441179871559143,"[{""id"": 1743094, ""node1"": 97846, ""node2"": 55222, ""type"": 0, ""w"": 105.0}, {""id"": 1525554, ""node1"": 97846, ""node2"": 55222, ""type"": 666, ""w"": 2.0}]",r_associated,105.0
pois,crème,amod,NOUN,0.6125684380531311,"[{""id"": 52003, ""node1"": 0, ""node2"": 0, ""type"": 17, ""w"": 0.0}]",r_carac,0.0
crème,frais,amod,ADJ,0.5796430110931396,"[{""id"": 52004, ""node1"": 0, ""node2"": 0, ""type"": 0, ""w"": 0.0}]",r_associated,0.0
crème,épais,amod,ADJ,0.5873329043388367,"[{""id"": 52005, ""node1"": 0, ""node2"": 0, ""type"": 17, ""w"": 0.0}]",r_carac,0.0
louche,mixeur,nmod,NOUN,0.5896725058555603,"[{""id"": 52006, ""node1"": 0, ""node2"": 0, ""type"": 17, ""w"": 0.0}]",r_carac,0.0
mixeur,plonger,acl,VERB,0.5584041476249695,"[{""id"": 52007, ""node1"": 0, ""node2"": 0, ""type"": 16, ""w"": 0.0}]",r_instr,0.0
plonger,casserole,obj,NOUN,0.6076292395591736,"[{""id"": 52008, ""node1"": 0, ""node2"": 0, ""type"": 8, ""w"": 0.0}]",r_hypo,0.0
mixeur,chinois,nmod,ADJ,0.5262686610221863,[],,
mixeur,étape,nmod,NOUN,0.5223461985588074,[],,
eau,casserole,nmod,NOUN,0.6077002882957458,"[{""id"": 22760165, ""node1"": 65012, ""node2"": 57253, ""type"": 15, ""w"": 26.0}]",r_lieu,26.0
cuire,pois,obj,NOUN,0.6990182995796204,"[{""id"": 52012, ""node1"": 0, ""node2"": 0, ""type"": 53, ""w"": 0.0}]",r_make,0.0
pois,min,nmod,NOUN,0.4448356926441192,[],,
poêle,petit,amod,ADJ,0.6650837063789368,"[{""id"": 52014, ""node1"": 0, ""node2"": 0, ""type"": 53, ""w"": 0.0}]",r_make,0.0
revenir,ajouter,advcl,VERB,0.4373447000980377,[],,
matière,gras,amod,ADJ,0.5428515672683716,"[{""id"": 909483172, ""node1"": 29208, ""node2"": 56362, ""type"": 0, ""w"": 20.0}]",r_associated,20.0
fois,cuit,amod,NOUN,0.6593660712242126,"[{""id"": 52017, ""node1"": 0, ""node2"": 0, ""type"": 17, ""w"": 0.0}]",r_carac,0.0
mixer,pois,obj,NOUN,0.5797783732414246,[],,
louche,eau,nmod,NOUN,0.5861531496047974,"[{""id"": 96723681, ""node1"": 124144, ""node2"": 65012, ""type"": 28, ""w"": 31.0}, {""id"": 7644778, ""node1"": 124144, ""node2"": 65012, ""type"": 777, ""w"": 10.0}]",r_lieu-1,31.0
eau,cuisson,nmod,NOUN,0.6715990304946899,"[{""id"": 489016047, ""node1"": 65012, ""node2"": 60056, ""type"": 777, ""w"": 10.0}]",r_wiki,10.0
passer,préparation,obj,NOUN,0.5082688927650452,[],,
préparation,chinois,nmod,NOUN,0.4798487424850464,[],,
porter,velouté,obj,NOUN,0.5390200614929199,[],,
velouté,ébullition,nmod,NOUN,0.5996522307395935,"[{""id"": 52024, ""node1"": 0, ""node2"": 0, ""type"": 53, ""w"": 0.0}]",r_make,0.0
réduire,feu,nmod,NOUN,0.5594683289527893,[],,
feu,minimum,nmod,NOUN,0.5431857109069824,[],,
mijoter,min,obj,NOUN,0.4553591310977936,[],,
laisser,remuer,advcl,VERB,0.476580411195755,[],,
verser,contenu,obj,NOUN,0.4781818091869354,[],,
contenu,casserole,nmod,NOUN,0.5984670519828796,"[{""id"": 52030, ""node1"": 0, ""node2"": 0, ""type"": 16, ""w"": 0.0}]",r_instr,0.0
répartir,reste,obj,NOUN,0.440695196390152,[],,
